"Wed, 20 Jan 2016 01:02:32 +0100",3706
"Wed, 20 Jan 2016 01:02:50 +0100",3718
"Wed, 20 Jan 2016 01:03:08 +0100",3723
"Wed, 20 Jan 2016 01:03:26 +0100",3718
"Wed, 20 Jan 2016 01:18:47 +0100",3712
"Wed, 20 Jan 2016 01:19:07 +0100",3723
"Wed, 20 Jan 2016 01:19:26 +0100",3706
"Wed, 20 Jan 2016 01:20:30 +0100",3718
"Wed, 20 Jan 2016 01:21:07 +0100",3723
"Wed, 20 Jan 2016 01:21:44 +0100",3706
"Wed, 20 Jan 2016 01:22:20 +0100",3718
"Wed, 20 Jan 2016 01:22:57 +0100",3718
"Wed, 20 Jan 2016 01:23:34 +0100",3718
"Wed, 20 Jan 2016 01:24:12 +0100",3723
"Wed, 20 Jan 2016 01:24:51 +0100",3718
"Wed, 20 Jan 2016 01:25:28 +0100",3723
"Wed, 20 Jan 2016 01:26:05 +0100",3718
"Wed, 20 Jan 2016 01:26:41 +0100",3718
"Wed, 20 Jan 2016 01:27:18 +0100",3712
"Wed, 20 Jan 2016 01:27:54 +0100",3723
"Wed, 20 Jan 2016 01:28:30 +0100",3718
"Wed, 20 Jan 2016 01:29:07 +0100",3718
"Wed, 20 Jan 2016 01:29:44 +0100",3718
"Wed, 20 Jan 2016 01:30:20 +0100",3723
"Wed, 20 Jan 2016 01:30:57 +0100",3718
"Wed, 20 Jan 2016 01:31:34 +0100",3718
"Wed, 20 Jan 2016 01:32:12 +0100",3723
"Wed, 20 Jan 2016 01:32:49 +0100",3723
"Wed, 20 Jan 2016 01:33:26 +0100",3718
"Wed, 20 Jan 2016 01:34:02 +0100",3706
"Wed, 20 Jan 2016 01:34:39 +0100",3712
"Wed, 20 Jan 2016 01:35:16 +0100",3712
"Wed, 20 Jan 2016 01:35:52 +0100",3706
"Wed, 20 Jan 2016 01:36:29 +0100",3712
"Wed, 20 Jan 2016 01:37:06 +0100",3701
"Wed, 20 Jan 2016 01:37:43 +0100",3706
"Wed, 20 Jan 2016 01:38:20 +0100",3712
"Wed, 20 Jan 2016 01:38:56 +0100",3712
"Wed, 20 Jan 2016 01:39:33 +0100",3712
"Wed, 20 Jan 2016 01:40:09 +0100",3706
"Wed, 20 Jan 2016 01:40:46 +0100",3712
"Wed, 20 Jan 2016 01:41:23 +0100",3718
"Wed, 20 Jan 2016 01:41:59 +0100",3723
"Wed, 20 Jan 2016 01:42:36 +0100",3712
"Wed, 20 Jan 2016 01:43:13 +0100",3718
"Wed, 20 Jan 2016 01:43:50 +0100",3718
"Wed, 20 Jan 2016 01:44:26 +0100",3712
"Wed, 20 Jan 2016 01:45:02 +0100",3712
"Wed, 20 Jan 2016 01:45:39 +0100",3712
"Wed, 20 Jan 2016 01:46:16 +0100",3706
"Wed, 20 Jan 2016 01:46:53 +0100",3712
"Wed, 20 Jan 2016 01:47:29 +0100",3712
"Wed, 20 Jan 2016 01:48:05 +0100",3701
"Wed, 20 Jan 2016 01:48:42 +0100",3706
"Wed, 20 Jan 2016 01:49:19 +0100",3701
"Wed, 20 Jan 2016 01:49:56 +0100",3706
"Wed, 20 Jan 2016 01:50:32 +0100",3718
"Wed, 20 Jan 2016 01:51:09 +0100",3706
"Wed, 20 Jan 2016 01:51:47 +0100",3701
"Wed, 20 Jan 2016 01:52:24 +0100",3712
"Wed, 20 Jan 2016 01:53:01 +0100",3701
"Wed, 20 Jan 2016 01:53:38 +0100",3718
"Wed, 20 Jan 2016 01:54:15 +0100",3706
"Wed, 20 Jan 2016 01:54:51 +0100",3701
"Wed, 20 Jan 2016 01:55:28 +0100",3706
"Wed, 20 Jan 2016 01:56:05 +0100",3706
"Wed, 20 Jan 2016 01:56:41 +0100",3723
"Wed, 20 Jan 2016 01:57:18 +0100",3706
"Wed, 20 Jan 2016 01:57:55 +0100",3712
"Wed, 20 Jan 2016 01:58:31 +0100",3706
"Wed, 20 Jan 2016 01:59:10 +0100",3718
"Wed, 20 Jan 2016 01:59:47 +0100",3718
"Wed, 20 Jan 2016 02:00:23 +0100",3712
"Wed, 20 Jan 2016 02:01:00 +0100",3718
"Wed, 20 Jan 2016 02:01:37 +0100",3712
"Wed, 20 Jan 2016 02:02:14 +0100",3723
"Wed, 20 Jan 2016 02:02:52 +0100",3706
"Wed, 20 Jan 2016 02:03:29 +0100",3723
"Wed, 20 Jan 2016 02:04:06 +0100",3723
"Wed, 20 Jan 2016 02:04:43 +0100",3712
"Wed, 20 Jan 2016 02:05:19 +0100",3712
"Wed, 20 Jan 2016 02:05:56 +0100",3712
"Wed, 20 Jan 2016 02:06:32 +0100",3706
"Wed, 20 Jan 2016 02:07:09 +0100",3701
"Wed, 20 Jan 2016 02:07:45 +0100",3706
"Wed, 20 Jan 2016 02:08:22 +0100",3718
"Wed, 20 Jan 2016 02:08:59 +0100",3701
"Wed, 20 Jan 2016 02:09:36 +0100",3718
"Wed, 20 Jan 2016 02:10:13 +0100",3718
"Wed, 20 Jan 2016 02:10:49 +0100",3712
"Wed, 20 Jan 2016 02:11:26 +0100",3718
"Wed, 20 Jan 2016 02:12:02 +0100",3718
"Wed, 20 Jan 2016 02:12:39 +0100",3706
"Wed, 20 Jan 2016 02:13:16 +0100",3701
"Wed, 20 Jan 2016 02:13:52 +0100",3712
"Wed, 20 Jan 2016 02:14:29 +0100",3723
"Wed, 20 Jan 2016 02:15:06 +0100",3723
"Wed, 20 Jan 2016 02:15:42 +0100",3712
"Wed, 20 Jan 2016 02:16:19 +0100",3701
"Wed, 20 Jan 2016 02:16:56 +0100",3723
"Wed, 20 Jan 2016 02:17:32 +0100",3712
"Wed, 20 Jan 2016 02:18:11 +0100",3695
"Wed, 20 Jan 2016 02:18:48 +0100",3723
"Wed, 20 Jan 2016 02:19:25 +0100",3706
"Wed, 20 Jan 2016 02:20:01 +0100",3718
"Wed, 20 Jan 2016 02:20:38 +0100",3706
"Wed, 20 Jan 2016 02:21:15 +0100",3723
"Wed, 20 Jan 2016 02:21:51 +0100",3701
"Wed, 20 Jan 2016 02:22:28 +0100",3712
"Wed, 20 Jan 2016 02:23:04 +0100",3723
"Wed, 20 Jan 2016 02:23:41 +0100",3712
"Wed, 20 Jan 2016 02:24:18 +0100",3723
"Wed, 20 Jan 2016 02:24:54 +0100",3712
"Wed, 20 Jan 2016 02:25:31 +0100",3706
"Wed, 20 Jan 2016 02:26:07 +0100",3706
"Wed, 20 Jan 2016 02:26:44 +0100",3712
"Wed, 20 Jan 2016 02:27:21 +0100",3695
"Wed, 20 Jan 2016 02:27:58 +0100",3712
"Wed, 20 Jan 2016 02:28:34 +0100",3729
"Wed, 20 Jan 2016 02:29:11 +0100",3695
"Wed, 20 Jan 2016 02:29:47 +0100",3712
"Wed, 20 Jan 2016 02:30:24 +0100",3712
"Wed, 20 Jan 2016 02:31:01 +0100",3706
"Wed, 20 Jan 2016 02:31:38 +0100",3718
"Wed, 20 Jan 2016 02:32:14 +0100",3701
"Wed, 20 Jan 2016 02:32:51 +0100",3701
"Wed, 20 Jan 2016 02:33:28 +0100",3706
"Wed, 20 Jan 2016 02:34:05 +0100",3706
"Wed, 20 Jan 2016 02:34:42 +0100",3701
"Wed, 20 Jan 2016 02:35:18 +0100",3712
"Wed, 20 Jan 2016 02:35:57 +0100",3706
"Wed, 20 Jan 2016 02:36:33 +0100",3701
"Wed, 20 Jan 2016 02:37:10 +0100",3734
"Wed, 20 Jan 2016 02:37:47 +0100",3701
"Wed, 20 Jan 2016 02:38:24 +0100",3723
"Wed, 20 Jan 2016 02:39:00 +0100",3706
"Wed, 20 Jan 2016 02:39:37 +0100",3706
"Wed, 20 Jan 2016 02:40:14 +0100",3718
"Wed, 20 Jan 2016 02:40:50 +0100",3701
"Wed, 20 Jan 2016 02:41:27 +0100",3712
"Wed, 20 Jan 2016 02:42:04 +0100",3706
"Wed, 20 Jan 2016 02:42:40 +0100",3712
"Wed, 20 Jan 2016 02:43:17 +0100",3712
"Wed, 20 Jan 2016 02:43:53 +0100",3701
"Wed, 20 Jan 2016 02:44:30 +0100",3712
"Wed, 20 Jan 2016 02:45:07 +0100",3712
"Wed, 20 Jan 2016 02:45:45 +0100",3706
"Wed, 20 Jan 2016 02:46:22 +0100",3701
"Wed, 20 Jan 2016 02:46:58 +0100",3712
"Wed, 20 Jan 2016 02:47:35 +0100",3712
"Wed, 20 Jan 2016 02:48:12 +0100",3712
"Wed, 20 Jan 2016 02:48:49 +0100",3712
"Wed, 20 Jan 2016 02:49:25 +0100",3706
"Wed, 20 Jan 2016 02:50:02 +0100",3712
"Wed, 20 Jan 2016 02:50:39 +0100",3706
"Wed, 20 Jan 2016 02:51:15 +0100",3706
"Wed, 20 Jan 2016 02:51:51 +0100",3706
"Wed, 20 Jan 2016 02:52:28 +0100",3706
"Wed, 20 Jan 2016 02:53:04 +0100",3718
"Wed, 20 Jan 2016 02:53:41 +0100",3706
"Wed, 20 Jan 2016 02:54:17 +0100",3706
"Wed, 20 Jan 2016 02:54:56 +0100",3701
"Wed, 20 Jan 2016 02:55:32 +0100",3723
"Wed, 20 Jan 2016 02:56:09 +0100",3695
"Wed, 20 Jan 2016 02:56:46 +0100",3706
"Wed, 20 Jan 2016 02:57:22 +0100",3718
"Wed, 20 Jan 2016 02:57:59 +0100",3718
"Wed, 20 Jan 2016 02:58:35 +0100",3712
"Wed, 20 Jan 2016 02:59:12 +0100",3718
"Wed, 20 Jan 2016 02:59:49 +0100",3723
"Wed, 20 Jan 2016 03:00:26 +0100",3712
"Wed, 20 Jan 2016 03:01:02 +0100",3706
"Wed, 20 Jan 2016 03:01:39 +0100",3701
"Wed, 20 Jan 2016 03:02:16 +0100",3695
"Wed, 20 Jan 2016 03:02:52 +0100",3718
"Wed, 20 Jan 2016 03:03:29 +0100",3706
"Wed, 20 Jan 2016 03:04:06 +0100",3712
"Wed, 20 Jan 2016 03:04:42 +0100",3706
"Wed, 20 Jan 2016 03:05:19 +0100",3718
"Wed, 20 Jan 2016 03:05:56 +0100",3718
"Wed, 20 Jan 2016 03:06:33 +0100",3701
"Wed, 20 Jan 2016 03:07:10 +0100",3718
"Wed, 20 Jan 2016 03:07:46 +0100",3684
"Wed, 20 Jan 2016 03:08:23 +0100",3701
"Wed, 20 Jan 2016 03:09:00 +0100",3690
"Wed, 20 Jan 2016 03:09:37 +0100",3723
"Wed, 20 Jan 2016 03:10:13 +0100",3712
"Wed, 20 Jan 2016 03:10:49 +0100",3701
"Wed, 20 Jan 2016 03:11:26 +0100",3706
"Wed, 20 Jan 2016 03:12:02 +0100",3706
"Wed, 20 Jan 2016 03:12:39 +0100",3695
"Wed, 20 Jan 2016 03:13:16 +0100",3706
"Wed, 20 Jan 2016 03:13:52 +0100",3706
"Wed, 20 Jan 2016 03:14:29 +0100",3712
"Wed, 20 Jan 2016 03:15:06 +0100",3701
"Wed, 20 Jan 2016 03:15:43 +0100",3723
"Wed, 20 Jan 2016 03:16:19 +0100",3706
"Wed, 20 Jan 2016 03:16:56 +0100",3712
"Wed, 20 Jan 2016 03:17:33 +0100",3718
"Wed, 20 Jan 2016 03:18:09 +0100",3706
"Wed, 20 Jan 2016 03:18:46 +0100",3712
"Wed, 20 Jan 2016 03:19:23 +0100",3712
"Wed, 20 Jan 2016 03:19:59 +0100",3712
"Wed, 20 Jan 2016 03:20:38 +0100",3706
"Wed, 20 Jan 2016 03:21:15 +0100",3718
"Wed, 20 Jan 2016 03:21:51 +0100",3706
"Wed, 20 Jan 2016 03:22:28 +0100",3712
"Wed, 20 Jan 2016 03:23:04 +0100",3701
"Wed, 20 Jan 2016 03:23:41 +0100",3706
"Wed, 20 Jan 2016 03:24:18 +0100",3695
"Wed, 20 Jan 2016 03:24:55 +0100",3718
"Wed, 20 Jan 2016 03:25:32 +0100",3695
"Wed, 20 Jan 2016 03:26:08 +0100",3712
"Wed, 20 Jan 2016 03:26:45 +0100",3701
"Wed, 20 Jan 2016 03:27:21 +0100",3718
"Wed, 20 Jan 2016 03:27:58 +0100",3712
"Wed, 20 Jan 2016 03:28:35 +0100",3712
"Wed, 20 Jan 2016 03:29:11 +0100",3701
"Wed, 20 Jan 2016 03:29:48 +0100",3701
"Wed, 20 Jan 2016 03:30:25 +0100",3701
"Wed, 20 Jan 2016 03:31:01 +0100",3695
"Wed, 20 Jan 2016 03:31:38 +0100",3718
"Wed, 20 Jan 2016 03:32:15 +0100",3712
"Wed, 20 Jan 2016 03:32:52 +0100",3718
"Wed, 20 Jan 2016 03:33:28 +0100",3712
"Wed, 20 Jan 2016 03:34:04 +0100",3690
"Wed, 20 Jan 2016 03:34:41 +0100",3701
"Wed, 20 Jan 2016 03:35:18 +0100",3695
"Wed, 20 Jan 2016 03:35:54 +0100",3706
"Wed, 20 Jan 2016 03:36:31 +0100",3706
"Wed, 20 Jan 2016 03:37:08 +0100",3718
"Wed, 20 Jan 2016 03:37:45 +0100",3701
"Wed, 20 Jan 2016 03:38:22 +0100",3712
"Wed, 20 Jan 2016 03:38:59 +0100",3712
"Wed, 20 Jan 2016 03:39:36 +0100",3701
"Wed, 20 Jan 2016 03:40:12 +0100",3718
"Wed, 20 Jan 2016 03:40:49 +0100",3701
"Wed, 20 Jan 2016 03:41:26 +0100",3701
"Wed, 20 Jan 2016 03:42:02 +0100",3712
"Wed, 20 Jan 2016 03:42:38 +0100",3712
"Wed, 20 Jan 2016 03:43:15 +0100",3695
"Wed, 20 Jan 2016 03:43:52 +0100",3712
"Wed, 20 Jan 2016 03:44:28 +0100",3706
"Wed, 20 Jan 2016 03:45:07 +0100",3706
"Wed, 20 Jan 2016 03:45:44 +0100",3701
"Wed, 20 Jan 2016 03:46:20 +0100",3718
"Wed, 20 Jan 2016 03:46:57 +0100",3718
"Wed, 20 Jan 2016 03:47:36 +0100",3718
"Wed, 20 Jan 2016 03:48:13 +0100",3723
"Wed, 20 Jan 2016 03:48:51 +0100",3695
"Wed, 20 Jan 2016 03:49:28 +0100",3712
"Wed, 20 Jan 2016 03:50:06 +0100",3695
"Wed, 20 Jan 2016 03:50:43 +0100",3706
"Wed, 20 Jan 2016 03:51:20 +0100",3718
"Wed, 20 Jan 2016 03:51:56 +0100",3729
"Wed, 20 Jan 2016 03:52:33 +0100",3701
"Wed, 20 Jan 2016 03:53:10 +0100",3712
"Wed, 20 Jan 2016 03:53:46 +0100",3706
"Wed, 20 Jan 2016 03:54:23 +0100",3706
"Wed, 20 Jan 2016 03:55:00 +0100",3706
"Wed, 20 Jan 2016 03:55:36 +0100",3706
"Wed, 20 Jan 2016 03:56:13 +0100",3712
"Wed, 20 Jan 2016 03:56:49 +0100",3690
"Wed, 20 Jan 2016 03:57:28 +0100",3690
"Wed, 20 Jan 2016 03:58:05 +0100",3712
"Wed, 20 Jan 2016 03:58:42 +0100",3701
"Wed, 20 Jan 2016 03:59:18 +0100",3706
"Wed, 20 Jan 2016 03:59:55 +0100",3706
"Wed, 20 Jan 2016 04:00:32 +0100",3712
"Wed, 20 Jan 2016 04:01:09 +0100",3723
"Wed, 20 Jan 2016 04:01:45 +0100",3706
"Wed, 20 Jan 2016 04:02:22 +0100",3706
"Wed, 20 Jan 2016 04:02:59 +0100",3690
"Wed, 20 Jan 2016 04:03:35 +0100",3701
"Wed, 20 Jan 2016 04:04:12 +0100",3706
"Wed, 20 Jan 2016 04:04:49 +0100",3712
"Wed, 20 Jan 2016 04:05:26 +0100",3712
"Wed, 20 Jan 2016 04:06:02 +0100",3718
"Wed, 20 Jan 2016 04:06:41 +0100",3712
"Wed, 20 Jan 2016 04:07:18 +0100",3712
"Wed, 20 Jan 2016 04:07:56 +0100",3706
"Wed, 20 Jan 2016 04:08:33 +0100",3695
"Wed, 20 Jan 2016 04:09:09 +0100",3706
"Wed, 20 Jan 2016 04:09:46 +0100",3718
"Wed, 20 Jan 2016 04:10:23 +0100",3706
"Wed, 20 Jan 2016 04:11:00 +0100",3695
"Wed, 20 Jan 2016 04:11:37 +0100",3706
"Wed, 20 Jan 2016 04:12:14 +0100",3706
"Wed, 20 Jan 2016 04:12:50 +0100",3701
"Wed, 20 Jan 2016 04:13:27 +0100",3706
"Wed, 20 Jan 2016 04:14:03 +0100",3706
"Wed, 20 Jan 2016 04:14:40 +0100",3706
"Wed, 20 Jan 2016 04:15:17 +0100",3695
"Wed, 20 Jan 2016 04:15:54 +0100",3695
"Wed, 20 Jan 2016 04:16:31 +0100",3712
"Wed, 20 Jan 2016 04:17:08 +0100",3718
"Wed, 20 Jan 2016 04:17:44 +0100",3701
"Wed, 20 Jan 2016 04:18:21 +0100",3712
"Wed, 20 Jan 2016 04:18:57 +0100",3712
"Wed, 20 Jan 2016 04:19:34 +0100",3701
"Wed, 20 Jan 2016 04:20:11 +0100",3695
"Wed, 20 Jan 2016 04:20:48 +0100",3695
"Wed, 20 Jan 2016 04:21:25 +0100",3701
"Wed, 20 Jan 2016 04:22:02 +0100",3712
"Wed, 20 Jan 2016 04:22:39 +0100",3706
"Wed, 20 Jan 2016 04:23:15 +0100",3706
"Wed, 20 Jan 2016 04:23:52 +0100",3712
"Wed, 20 Jan 2016 04:24:29 +0100",3706
"Wed, 20 Jan 2016 04:25:05 +0100",3712
"Wed, 20 Jan 2016 04:25:42 +0100",3706
"Wed, 20 Jan 2016 04:26:19 +0100",3712
"Wed, 20 Jan 2016 04:26:56 +0100",3695
"Wed, 20 Jan 2016 04:27:33 +0100",3712
"Wed, 20 Jan 2016 04:28:10 +0100",3712
"Wed, 20 Jan 2016 04:28:46 +0100",3695
"Wed, 20 Jan 2016 04:29:23 +0100",3706
"Wed, 20 Jan 2016 04:30:00 +0100",3718
"Wed, 20 Jan 2016 04:30:36 +0100",3712
"Wed, 20 Jan 2016 04:31:13 +0100",3706
"Wed, 20 Jan 2016 04:31:50 +0100",3706
"Wed, 20 Jan 2016 04:32:27 +0100",3718
"Wed, 20 Jan 2016 04:33:03 +0100",3712
"Wed, 20 Jan 2016 04:33:40 +0100",3695
"Wed, 20 Jan 2016 04:34:17 +0100",3712
"Wed, 20 Jan 2016 04:34:54 +0100",3706
"Wed, 20 Jan 2016 04:35:33 +0100",3718
"Wed, 20 Jan 2016 04:36:09 +0100",3706
"Wed, 20 Jan 2016 04:36:46 +0100",3706
"Wed, 20 Jan 2016 04:37:23 +0100",3701
"Wed, 20 Jan 2016 04:38:02 +0100",3695
"Wed, 20 Jan 2016 04:38:38 +0100",3706
"Wed, 20 Jan 2016 04:39:15 +0100",3712
"Wed, 20 Jan 2016 04:39:52 +0100",3695
"Wed, 20 Jan 2016 04:40:28 +0100",3712
"Wed, 20 Jan 2016 04:41:05 +0100",3723
"Wed, 20 Jan 2016 04:41:42 +0100",3718
"Wed, 20 Jan 2016 04:42:18 +0100",3701
"Wed, 20 Jan 2016 04:42:55 +0100",3706
"Wed, 20 Jan 2016 04:43:32 +0100",3712
"Wed, 20 Jan 2016 04:44:08 +0100",3718
"Wed, 20 Jan 2016 04:44:45 +0100",3701
"Wed, 20 Jan 2016 04:45:21 +0100",3706
"Wed, 20 Jan 2016 04:45:58 +0100",3718
"Wed, 20 Jan 2016 04:46:35 +0100",3706
"Wed, 20 Jan 2016 04:47:11 +0100",3701
"Wed, 20 Jan 2016 04:47:48 +0100",3712
"Wed, 20 Jan 2016 04:48:25 +0100",3712
"Wed, 20 Jan 2016 04:49:01 +0100",3706
"Wed, 20 Jan 2016 04:49:38 +0100",3723
"Wed, 20 Jan 2016 04:50:15 +0100",3701
"Wed, 20 Jan 2016 04:50:51 +0100",3701
"Wed, 20 Jan 2016 04:51:30 +0100",3706
"Wed, 20 Jan 2016 04:52:09 +0100",3701
"Wed, 20 Jan 2016 04:52:45 +0100",3712
"Wed, 20 Jan 2016 04:53:22 +0100",3706
"Wed, 20 Jan 2016 04:53:59 +0100",3701
"Wed, 20 Jan 2016 04:54:36 +0100",3701
"Wed, 20 Jan 2016 04:55:12 +0100",3706
"Wed, 20 Jan 2016 04:55:49 +0100",3706
"Wed, 20 Jan 2016 04:56:26 +0100",3718
"Wed, 20 Jan 2016 04:57:03 +0100",3706
"Wed, 20 Jan 2016 04:57:39 +0100",3701
"Wed, 20 Jan 2016 04:58:16 +0100",3712
"Wed, 20 Jan 2016 04:58:52 +0100",3690
"Wed, 20 Jan 2016 04:59:29 +0100",3712
"Wed, 20 Jan 2016 05:00:06 +0100",3706
"Wed, 20 Jan 2016 05:00:42 +0100",3706
"Wed, 20 Jan 2016 05:01:19 +0100",3695
"Wed, 20 Jan 2016 05:01:56 +0100",3701
"Wed, 20 Jan 2016 05:02:33 +0100",3706
"Wed, 20 Jan 2016 05:03:09 +0100",3701
"Wed, 20 Jan 2016 05:03:46 +0100",3712
"Wed, 20 Jan 2016 05:04:22 +0100",3695
"Wed, 20 Jan 2016 05:04:59 +0100",3706
"Wed, 20 Jan 2016 05:05:36 +0100",3695
"Wed, 20 Jan 2016 05:06:13 +0100",3712
"Wed, 20 Jan 2016 05:06:49 +0100",3701
"Wed, 20 Jan 2016 05:07:26 +0100",3706
"Wed, 20 Jan 2016 05:08:02 +0100",3701
"Wed, 20 Jan 2016 05:08:39 +0100",3701
"Wed, 20 Jan 2016 05:09:16 +0100",3712
"Wed, 20 Jan 2016 05:09:53 +0100",3701
"Wed, 20 Jan 2016 05:10:30 +0100",3712
"Wed, 20 Jan 2016 05:11:07 +0100",3723
"Wed, 20 Jan 2016 05:11:43 +0100",3712
"Wed, 20 Jan 2016 05:12:20 +0100",3718
"Wed, 20 Jan 2016 05:12:57 +0100",3706
"Wed, 20 Jan 2016 05:13:34 +0100",3706
"Wed, 20 Jan 2016 05:14:10 +0100",3695
"Wed, 20 Jan 2016 05:14:47 +0100",3718
"Wed, 20 Jan 2016 05:15:24 +0100",3701
"Wed, 20 Jan 2016 05:16:00 +0100",3706
"Wed, 20 Jan 2016 05:16:37 +0100",3706
"Wed, 20 Jan 2016 05:17:13 +0100",3712
"Wed, 20 Jan 2016 05:17:50 +0100",3706
"Wed, 20 Jan 2016 05:18:26 +0100",3706
"Wed, 20 Jan 2016 05:19:05 +0100",3706
"Wed, 20 Jan 2016 05:19:42 +0100",3695
"Wed, 20 Jan 2016 05:20:18 +0100",3706
"Wed, 20 Jan 2016 05:20:55 +0100",3701
"Wed, 20 Jan 2016 05:21:32 +0100",3695
"Wed, 20 Jan 2016 05:22:08 +0100",3706
"Wed, 20 Jan 2016 05:22:45 +0100",3695
"Wed, 20 Jan 2016 05:23:22 +0100",3706
"Wed, 20 Jan 2016 05:23:59 +0100",3690
"Wed, 20 Jan 2016 05:24:35 +0100",3695
"Wed, 20 Jan 2016 05:25:12 +0100",3712
"Wed, 20 Jan 2016 05:25:48 +0100",3706
"Wed, 20 Jan 2016 05:26:25 +0100",3701
"Wed, 20 Jan 2016 05:27:02 +0100",3701
"Wed, 20 Jan 2016 05:27:38 +0100",3695
"Wed, 20 Jan 2016 05:28:15 +0100",3701
"Wed, 20 Jan 2016 05:28:52 +0100",3706
"Wed, 20 Jan 2016 05:29:28 +0100",3695
"Wed, 20 Jan 2016 05:30:05 +0100",3718
"Wed, 20 Jan 2016 05:30:44 +0100",3706
"Wed, 20 Jan 2016 05:31:21 +0100",3712
"Wed, 20 Jan 2016 05:31:58 +0100",3690
"Wed, 20 Jan 2016 05:32:34 +0100",3706
"Wed, 20 Jan 2016 05:33:11 +0100",3695
"Wed, 20 Jan 2016 05:33:48 +0100",3695
"Wed, 20 Jan 2016 05:34:25 +0100",3701
"Wed, 20 Jan 2016 05:35:02 +0100",3706
"Wed, 20 Jan 2016 05:35:38 +0100",3706
"Wed, 20 Jan 2016 05:36:15 +0100",3701
"Wed, 20 Jan 2016 05:36:51 +0100",3684
"Wed, 20 Jan 2016 05:37:28 +0100",3706
"Wed, 20 Jan 2016 05:38:05 +0100",3706
"Wed, 20 Jan 2016 05:38:42 +0100",3701
"Wed, 20 Jan 2016 05:39:18 +0100",3695
"Wed, 20 Jan 2016 05:39:56 +0100",3701
"Wed, 20 Jan 2016 05:40:32 +0100",3712
"Wed, 20 Jan 2016 05:41:09 +0100",3706
"Wed, 20 Jan 2016 05:41:46 +0100",3701
"Wed, 20 Jan 2016 05:42:23 +0100",3706
"Wed, 20 Jan 2016 05:42:59 +0100",3706
"Wed, 20 Jan 2016 05:43:36 +0100",3712
"Wed, 20 Jan 2016 05:44:12 +0100",3706
"Wed, 20 Jan 2016 05:44:49 +0100",3712
"Wed, 20 Jan 2016 05:45:26 +0100",3701
"Wed, 20 Jan 2016 05:46:03 +0100",3695
"Wed, 20 Jan 2016 05:46:40 +0100",3701
"Wed, 20 Jan 2016 05:47:17 +0100",3695
"Wed, 20 Jan 2016 05:47:54 +0100",3690
"Wed, 20 Jan 2016 05:48:30 +0100",3706
"Wed, 20 Jan 2016 05:49:07 +0100",3690
"Wed, 20 Jan 2016 05:49:43 +0100",3706
"Wed, 20 Jan 2016 05:50:20 +0100",3701
"Wed, 20 Jan 2016 05:50:57 +0100",3706
"Wed, 20 Jan 2016 05:51:33 +0100",3701
"Wed, 20 Jan 2016 05:52:10 +0100",3701
"Wed, 20 Jan 2016 05:52:47 +0100",3706
"Wed, 20 Jan 2016 05:53:23 +0100",3712
"Wed, 20 Jan 2016 05:54:02 +0100",3712
"Wed, 20 Jan 2016 05:54:41 +0100",3712
"Wed, 20 Jan 2016 05:55:17 +0100",3695
"Wed, 20 Jan 2016 05:55:54 +0100",3701
"Wed, 20 Jan 2016 05:56:30 +0100",3690
"Wed, 20 Jan 2016 05:57:07 +0100",3706
"Wed, 20 Jan 2016 05:57:44 +0100",3706
"Wed, 20 Jan 2016 05:58:20 +0100",3701
"Wed, 20 Jan 2016 05:58:57 +0100",3701
"Wed, 20 Jan 2016 05:59:33 +0100",3690
"Wed, 20 Jan 2016 06:00:10 +0100",3695
"Wed, 20 Jan 2016 06:00:47 +0100",3712
"Wed, 20 Jan 2016 06:01:24 +0100",3684
"Wed, 20 Jan 2016 06:02:00 +0100",3690
"Wed, 20 Jan 2016 06:02:36 +0100",3712
"Wed, 20 Jan 2016 06:03:13 +0100",3701
"Wed, 20 Jan 2016 06:03:50 +0100",3706
"Wed, 20 Jan 2016 06:04:27 +0100",3695
"Wed, 20 Jan 2016 06:05:04 +0100",3701
"Wed, 20 Jan 2016 06:05:40 +0100",3706
"Wed, 20 Jan 2016 06:06:17 +0100",3712
"Wed, 20 Jan 2016 06:06:54 +0100",3701
"Wed, 20 Jan 2016 06:07:31 +0100",3701
"Wed, 20 Jan 2016 06:08:08 +0100",3706
"Wed, 20 Jan 2016 06:08:45 +0100",3695
"Wed, 20 Jan 2016 06:09:21 +0100",3695
"Wed, 20 Jan 2016 06:09:58 +0100",3690
"Wed, 20 Jan 2016 06:10:37 +0100",3712
"Wed, 20 Jan 2016 06:11:15 +0100",3695
"Wed, 20 Jan 2016 06:11:52 +0100",3695
"Wed, 20 Jan 2016 06:12:29 +0100",3706
"Wed, 20 Jan 2016 06:13:05 +0100",3690
"Wed, 20 Jan 2016 06:13:42 +0100",3706
"Wed, 20 Jan 2016 06:14:19 +0100",3695
"Wed, 20 Jan 2016 06:14:55 +0100",3690
"Wed, 20 Jan 2016 06:15:32 +0100",3701
"Wed, 20 Jan 2016 06:16:08 +0100",3701
"Wed, 20 Jan 2016 06:16:45 +0100",3706
"Wed, 20 Jan 2016 06:17:22 +0100",3695
"Wed, 20 Jan 2016 06:17:59 +0100",3701
"Wed, 20 Jan 2016 06:18:36 +0100",3695
"Wed, 20 Jan 2016 06:19:12 +0100",3695
"Wed, 20 Jan 2016 06:19:49 +0100",3701
"Wed, 20 Jan 2016 06:20:26 +0100",3706
"Wed, 20 Jan 2016 06:21:02 +0100",3712
"Wed, 20 Jan 2016 06:21:39 +0100",3690
"Wed, 20 Jan 2016 06:22:16 +0100",3695
"Wed, 20 Jan 2016 06:22:53 +0100",3701
"Wed, 20 Jan 2016 06:23:29 +0100",3701
"Wed, 20 Jan 2016 06:24:06 +0100",3690
"Wed, 20 Jan 2016 06:24:45 +0100",3701
"Wed, 20 Jan 2016 06:25:22 +0100",3695
"Wed, 20 Jan 2016 06:25:58 +0100",3712
"Wed, 20 Jan 2016 06:26:35 +0100",3706
"Wed, 20 Jan 2016 06:27:12 +0100",3701
"Wed, 20 Jan 2016 06:27:49 +0100",3701
"Wed, 20 Jan 2016 06:28:26 +0100",3701
"Wed, 20 Jan 2016 06:29:03 +0100",3706
"Wed, 20 Jan 2016 06:29:39 +0100",3684
"Wed, 20 Jan 2016 06:30:16 +0100",3701
"Wed, 20 Jan 2016 06:30:53 +0100",3695
"Wed, 20 Jan 2016 06:31:29 +0100",3701
"Wed, 20 Jan 2016 06:32:06 +0100",3701
"Wed, 20 Jan 2016 06:32:42 +0100",3695
"Wed, 20 Jan 2016 06:33:19 +0100",3701
"Wed, 20 Jan 2016 06:33:56 +0100",3701
"Wed, 20 Jan 2016 06:34:33 +0100",3706
"Wed, 20 Jan 2016 06:35:10 +0100",3690
"Wed, 20 Jan 2016 06:35:46 +0100",3706
"Wed, 20 Jan 2016 06:36:23 +0100",3718
"Wed, 20 Jan 2016 06:37:00 +0100",3701
"Wed, 20 Jan 2016 06:37:36 +0100",3695
"Wed, 20 Jan 2016 06:38:13 +0100",3695
"Wed, 20 Jan 2016 06:38:50 +0100",3695
"Wed, 20 Jan 2016 06:39:27 +0100",3701
"Wed, 20 Jan 2016 06:40:03 +0100",3701
"Wed, 20 Jan 2016 06:40:40 +0100",3706
"Wed, 20 Jan 2016 06:41:17 +0100",3701
"Wed, 20 Jan 2016 06:41:54 +0100",3706
"Wed, 20 Jan 2016 06:42:31 +0100",3701
"Wed, 20 Jan 2016 06:43:07 +0100",3690
"Wed, 20 Jan 2016 06:43:44 +0100",3706
"Wed, 20 Jan 2016 06:44:20 +0100",3690
"Wed, 20 Jan 2016 06:44:57 +0100",3701
"Wed, 20 Jan 2016 06:45:34 +0100",3701
"Wed, 20 Jan 2016 06:46:10 +0100",3695
"Wed, 20 Jan 2016 06:46:47 +0100",3695
"Wed, 20 Jan 2016 06:47:24 +0100",3695
"Wed, 20 Jan 2016 06:48:00 +0100",3690
"Wed, 20 Jan 2016 06:48:37 +0100",3712
"Wed, 20 Jan 2016 06:49:13 +0100",3701
"Wed, 20 Jan 2016 06:49:52 +0100",3706
"Wed, 20 Jan 2016 06:50:29 +0100",3701
"Wed, 20 Jan 2016 06:51:06 +0100",3706
"Wed, 20 Jan 2016 06:51:42 +0100",3701
"Wed, 20 Jan 2016 06:52:19 +0100",3701
"Wed, 20 Jan 2016 06:52:56 +0100",3701
"Wed, 20 Jan 2016 06:53:33 +0100",3695
"Wed, 20 Jan 2016 06:54:10 +0100",3706
"Wed, 20 Jan 2016 06:54:47 +0100",3701
"Wed, 20 Jan 2016 06:55:23 +0100",3690
"Wed, 20 Jan 2016 06:56:00 +0100",3684
"Wed, 20 Jan 2016 06:56:37 +0100",3695
"Wed, 20 Jan 2016 06:57:13 +0100",3690
"Wed, 20 Jan 2016 06:57:50 +0100",3695
"Wed, 20 Jan 2016 06:58:27 +0100",3701
"Wed, 20 Jan 2016 06:59:04 +0100",3712
"Wed, 20 Jan 2016 06:59:40 +0100",3695
"Wed, 20 Jan 2016 07:00:17 +0100",3706
"Wed, 20 Jan 2016 07:00:54 +0100",3695
"Wed, 20 Jan 2016 07:01:30 +0100",3695
"Wed, 20 Jan 2016 07:02:07 +0100",3701
"Wed, 20 Jan 2016 07:02:43 +0100",3706
"Wed, 20 Jan 2016 07:03:20 +0100",3684
"Wed, 20 Jan 2016 07:03:56 +0100",3706
"Wed, 20 Jan 2016 07:04:33 +0100",3695
"Wed, 20 Jan 2016 07:05:10 +0100",3695
"Wed, 20 Jan 2016 07:05:47 +0100",3712
"Wed, 20 Jan 2016 07:06:23 +0100",3690
"Wed, 20 Jan 2016 07:07:00 +0100",3690
"Wed, 20 Jan 2016 07:07:37 +0100",3695
"Wed, 20 Jan 2016 07:08:13 +0100",3706
"Wed, 20 Jan 2016 07:08:50 +0100",3690
"Wed, 20 Jan 2016 07:09:27 +0100",3695
"Wed, 20 Jan 2016 07:10:04 +0100",3695
"Wed, 20 Jan 2016 07:10:41 +0100",3695
"Wed, 20 Jan 2016 07:11:18 +0100",3701
"Wed, 20 Jan 2016 07:11:54 +0100",3706
"Wed, 20 Jan 2016 07:12:31 +0100",3684
"Wed, 20 Jan 2016 07:13:08 +0100",3701
"Wed, 20 Jan 2016 07:13:45 +0100",3690
"Wed, 20 Jan 2016 07:14:22 +0100",3706
"Wed, 20 Jan 2016 07:14:58 +0100",3690
"Wed, 20 Jan 2016 07:15:35 +0100",3701
"Wed, 20 Jan 2016 07:16:11 +0100",3701
"Wed, 20 Jan 2016 07:16:48 +0100",3701
"Wed, 20 Jan 2016 07:17:25 +0100",3701
"Wed, 20 Jan 2016 07:18:01 +0100",3701
"Wed, 20 Jan 2016 07:18:38 +0100",3701
"Wed, 20 Jan 2016 07:19:15 +0100",3701
"Wed, 20 Jan 2016 07:19:51 +0100",3706
"Wed, 20 Jan 2016 07:20:28 +0100",3706
"Wed, 20 Jan 2016 07:21:05 +0100",3712
"Wed, 20 Jan 2016 07:21:41 +0100",3695
"Wed, 20 Jan 2016 07:22:18 +0100",3701
"Wed, 20 Jan 2016 07:22:55 +0100",3701
"Wed, 20 Jan 2016 07:23:31 +0100",3684
"Wed, 20 Jan 2016 07:24:08 +0100",3701
"Wed, 20 Jan 2016 07:24:44 +0100",3690
"Wed, 20 Jan 2016 07:25:21 +0100",3690
"Wed, 20 Jan 2016 07:25:58 +0100",3690
"Wed, 20 Jan 2016 07:26:35 +0100",3690
"Wed, 20 Jan 2016 07:27:12 +0100",3706
"Wed, 20 Jan 2016 07:27:48 +0100",3695
"Wed, 20 Jan 2016 07:28:25 +0100",3701
"Wed, 20 Jan 2016 07:29:02 +0100",3706
"Wed, 20 Jan 2016 07:29:38 +0100",3695
"Wed, 20 Jan 2016 07:30:15 +0100",3690
"Wed, 20 Jan 2016 07:30:52 +0100",3706
"Wed, 20 Jan 2016 07:31:29 +0100",3706
"Wed, 20 Jan 2016 07:32:05 +0100",3701
"Wed, 20 Jan 2016 07:32:42 +0100",3701
"Wed, 20 Jan 2016 07:33:19 +0100",3701
"Wed, 20 Jan 2016 07:33:55 +0100",3695
"Wed, 20 Jan 2016 07:34:32 +0100",3701
"Wed, 20 Jan 2016 07:35:09 +0100",3701
"Wed, 20 Jan 2016 07:35:46 +0100",3690
"Wed, 20 Jan 2016 07:36:22 +0100",3695
"Wed, 20 Jan 2016 07:37:00 +0100",3695
"Wed, 20 Jan 2016 07:37:36 +0100",3701
"Wed, 20 Jan 2016 07:38:13 +0100",3690
"Wed, 20 Jan 2016 07:38:50 +0100",3706
"Wed, 20 Jan 2016 07:39:27 +0100",3684
"Wed, 20 Jan 2016 07:40:03 +0100",3701
"Wed, 20 Jan 2016 07:40:40 +0100",3701
"Wed, 20 Jan 2016 07:41:17 +0100",3679
"Wed, 20 Jan 2016 07:41:54 +0100",3690
"Wed, 20 Jan 2016 07:42:32 +0100",3706
"Wed, 20 Jan 2016 07:43:09 +0100",3701
"Wed, 20 Jan 2016 07:43:48 +0100",3695
"Wed, 20 Jan 2016 07:44:25 +0100",3701
"Wed, 20 Jan 2016 07:45:01 +0100",3695
"Wed, 20 Jan 2016 07:45:38 +0100",3690
"Wed, 20 Jan 2016 07:46:15 +0100",3701
"Wed, 20 Jan 2016 07:46:51 +0100",3690
"Wed, 20 Jan 2016 07:47:28 +0100",3684
"Wed, 20 Jan 2016 07:48:05 +0100",3690
"Wed, 20 Jan 2016 07:48:42 +0100",3690
"Wed, 20 Jan 2016 07:49:19 +0100",3706
"Wed, 20 Jan 2016 07:49:55 +0100",3684
"Wed, 20 Jan 2016 07:50:32 +0100",3679
"Wed, 20 Jan 2016 07:51:08 +0100",3690
"Wed, 20 Jan 2016 07:51:45 +0100",3712
"Wed, 20 Jan 2016 07:52:22 +0100",3706
"Wed, 20 Jan 2016 07:52:58 +0100",3684
"Wed, 20 Jan 2016 07:53:35 +0100",3701
"Wed, 20 Jan 2016 07:54:12 +0100",3706
"Wed, 20 Jan 2016 07:54:48 +0100",3706
"Wed, 20 Jan 2016 07:55:25 +0100",3690
"Wed, 20 Jan 2016 07:56:01 +0100",3684
"Wed, 20 Jan 2016 07:56:38 +0100",3690
"Wed, 20 Jan 2016 07:57:15 +0100",3690
"Wed, 20 Jan 2016 07:57:51 +0100",3673
"Wed, 20 Jan 2016 07:58:28 +0100",3706
"Wed, 20 Jan 2016 07:59:05 +0100",3701
"Wed, 20 Jan 2016 07:59:42 +0100",3695
"Wed, 20 Jan 2016 08:00:18 +0100",3701
"Wed, 20 Jan 2016 08:00:55 +0100",3690
"Wed, 20 Jan 2016 08:01:32 +0100",3695
"Wed, 20 Jan 2016 08:02:08 +0100",3701
"Wed, 20 Jan 2016 08:02:45 +0100",3695
"Wed, 20 Jan 2016 08:03:22 +0100",3701
"Wed, 20 Jan 2016 08:03:58 +0100",3690
"Wed, 20 Jan 2016 08:04:35 +0100",3695
"Wed, 20 Jan 2016 08:05:12 +0100",3690
"Wed, 20 Jan 2016 08:05:49 +0100",3690
"Wed, 20 Jan 2016 08:06:26 +0100",3690
"Wed, 20 Jan 2016 08:07:03 +0100",3695
"Wed, 20 Jan 2016 08:07:40 +0100",3684
"Wed, 20 Jan 2016 08:08:16 +0100",3695
"Wed, 20 Jan 2016 08:08:52 +0100",3690
"Wed, 20 Jan 2016 08:09:29 +0100",3701
"Wed, 20 Jan 2016 08:10:08 +0100",3695
"Wed, 20 Jan 2016 08:10:44 +0100",3701
"Wed, 20 Jan 2016 08:11:21 +0100",3701
"Wed, 20 Jan 2016 08:11:58 +0100",3679
"Wed, 20 Jan 2016 08:12:35 +0100",3684
"Wed, 20 Jan 2016 08:13:11 +0100",3684
"Wed, 20 Jan 2016 08:13:48 +0100",3701
"Wed, 20 Jan 2016 08:14:25 +0100",3695
"Wed, 20 Jan 2016 08:15:02 +0100",3712
"Wed, 20 Jan 2016 08:15:38 +0100",3695
"Wed, 20 Jan 2016 08:16:17 +0100",3695
"Wed, 20 Jan 2016 08:16:54 +0100",3695
"Wed, 20 Jan 2016 08:17:31 +0100",3701
"Wed, 20 Jan 2016 08:18:07 +0100",3695
"Wed, 20 Jan 2016 08:18:44 +0100",3695
"Wed, 20 Jan 2016 08:19:21 +0100",3701
"Wed, 20 Jan 2016 08:19:58 +0100",3701
"Wed, 20 Jan 2016 08:20:34 +0100",3701
"Wed, 20 Jan 2016 08:21:11 +0100",3695
"Wed, 20 Jan 2016 08:21:48 +0100",3701
"Wed, 20 Jan 2016 08:22:25 +0100",3695
"Wed, 20 Jan 2016 08:23:02 +0100",3712
"Wed, 20 Jan 2016 08:23:38 +0100",3690
"Wed, 20 Jan 2016 08:24:15 +0100",3701
"Wed, 20 Jan 2016 08:24:51 +0100",3690
"Wed, 20 Jan 2016 08:25:28 +0100",3695
"Wed, 20 Jan 2016 08:26:04 +0100",3701
"Wed, 20 Jan 2016 08:26:41 +0100",3695
"Wed, 20 Jan 2016 08:27:17 +0100",3706
"Wed, 20 Jan 2016 08:27:54 +0100",3695
"Wed, 20 Jan 2016 08:28:31 +0100",3684
"Wed, 20 Jan 2016 08:29:07 +0100",3695
"Wed, 20 Jan 2016 08:29:44 +0100",3690
"Wed, 20 Jan 2016 08:30:20 +0100",3701
"Wed, 20 Jan 2016 08:30:58 +0100",3690
"Wed, 20 Jan 2016 08:31:34 +0100",3695
"Wed, 20 Jan 2016 08:32:11 +0100",3695
"Wed, 20 Jan 2016 08:32:48 +0100",3695
"Wed, 20 Jan 2016 08:33:24 +0100",3684
"Wed, 20 Jan 2016 08:34:01 +0100",3695
"Wed, 20 Jan 2016 08:34:38 +0100",3701
"Wed, 20 Jan 2016 08:35:14 +0100",3695
"Wed, 20 Jan 2016 08:35:51 +0100",3690
"Wed, 20 Jan 2016 08:36:28 +0100",3706
"Wed, 20 Jan 2016 08:37:04 +0100",3695
"Wed, 20 Jan 2016 08:37:41 +0100",3706
"Wed, 20 Jan 2016 08:38:18 +0100",3695
"Wed, 20 Jan 2016 08:38:55 +0100",3695
"Wed, 20 Jan 2016 08:39:31 +0100",3690
"Wed, 20 Jan 2016 08:40:08 +0100",3695
"Wed, 20 Jan 2016 08:40:45 +0100",3701
"Wed, 20 Jan 2016 08:41:22 +0100",3695
"Wed, 20 Jan 2016 08:41:59 +0100",3701
"Wed, 20 Jan 2016 08:42:35 +0100",3695
"Wed, 20 Jan 2016 08:43:14 +0100",3701
"Wed, 20 Jan 2016 08:43:51 +0100",3706
"Wed, 20 Jan 2016 08:44:27 +0100",3695
"Wed, 20 Jan 2016 08:45:04 +0100",3701
"Wed, 20 Jan 2016 08:45:40 +0100",3695
"Wed, 20 Jan 2016 08:46:17 +0100",3684
"Wed, 20 Jan 2016 08:46:54 +0100",3695
"Wed, 20 Jan 2016 08:47:30 +0100",3684
"Wed, 20 Jan 2016 08:48:08 +0100",3695
"Wed, 20 Jan 2016 08:48:46 +0100",3690
"Wed, 20 Jan 2016 08:49:23 +0100",3701
"Wed, 20 Jan 2016 08:50:00 +0100",3695
"Wed, 20 Jan 2016 08:50:36 +0100",3712
"Wed, 20 Jan 2016 08:51:13 +0100",3679
"Wed, 20 Jan 2016 08:51:50 +0100",3695
"Wed, 20 Jan 2016 08:52:27 +0100",3690
"Wed, 20 Jan 2016 08:53:03 +0100",3684
"Wed, 20 Jan 2016 08:53:40 +0100",3695
"Wed, 20 Jan 2016 08:54:17 +0100",3684
"Wed, 20 Jan 2016 08:54:56 +0100",3695
"Wed, 20 Jan 2016 08:55:32 +0100",3701
"Wed, 20 Jan 2016 08:56:09 +0100",3701
"Wed, 20 Jan 2016 08:56:46 +0100",3695
"Wed, 20 Jan 2016 08:57:22 +0100",3695
"Wed, 20 Jan 2016 08:58:00 +0100",3690
"Wed, 20 Jan 2016 08:58:36 +0100",3684
"Wed, 20 Jan 2016 08:59:13 +0100",3684
"Wed, 20 Jan 2016 08:59:49 +0100",3695
"Wed, 20 Jan 2016 09:00:26 +0100",3690
"Wed, 20 Jan 2016 09:01:02 +0100",3695
"Wed, 20 Jan 2016 09:01:39 +0100",3695
"Wed, 20 Jan 2016 09:02:16 +0100",3695
"Wed, 20 Jan 2016 09:02:53 +0100",3695
"Wed, 20 Jan 2016 09:03:29 +0100",3701
"Wed, 20 Jan 2016 09:04:06 +0100",3679
"Wed, 20 Jan 2016 09:04:43 +0100",3684
"Wed, 20 Jan 2016 09:05:19 +0100",3690
"Wed, 20 Jan 2016 09:05:56 +0100",3701
"Wed, 20 Jan 2016 09:06:33 +0100",3690
"Wed, 20 Jan 2016 09:07:10 +0100",3690
"Wed, 20 Jan 2016 09:07:47 +0100",3690
"Wed, 20 Jan 2016 09:08:25 +0100",3690
"Wed, 20 Jan 2016 09:09:02 +0100",3695
"Wed, 20 Jan 2016 09:09:39 +0100",3701
"Wed, 20 Jan 2016 09:10:16 +0100",3701
"Wed, 20 Jan 2016 09:10:52 +0100",3695
"Wed, 20 Jan 2016 09:11:29 +0100",3706
"Wed, 20 Jan 2016 09:12:06 +0100",3701
"Wed, 20 Jan 2016 09:12:42 +0100",3706
"Wed, 20 Jan 2016 09:13:19 +0100",3701
"Wed, 20 Jan 2016 09:13:56 +0100",3695
"Wed, 20 Jan 2016 09:14:33 +0100",3695
"Wed, 20 Jan 2016 09:15:09 +0100",3695
"Wed, 20 Jan 2016 09:15:46 +0100",3701
"Wed, 20 Jan 2016 09:16:22 +0100",3690
"Wed, 20 Jan 2016 09:16:59 +0100",3695
"Wed, 20 Jan 2016 09:17:36 +0100",3695
"Wed, 20 Jan 2016 09:18:12 +0100",3690
"Wed, 20 Jan 2016 09:18:49 +0100",3690
"Wed, 20 Jan 2016 09:19:26 +0100",3695
"Wed, 20 Jan 2016 09:20:03 +0100",3684
"Wed, 20 Jan 2016 09:20:39 +0100",3684
"Wed, 20 Jan 2016 09:21:16 +0100",3684
"Wed, 20 Jan 2016 09:21:53 +0100",3701
"Wed, 20 Jan 2016 09:22:32 +0100",3684
"Wed, 20 Jan 2016 09:23:09 +0100",3701
"Wed, 20 Jan 2016 09:23:46 +0100",3690
"Wed, 20 Jan 2016 09:24:23 +0100",3701
"Wed, 20 Jan 2016 09:25:01 +0100",3684
"Wed, 20 Jan 2016 09:25:38 +0100",3701
"Wed, 20 Jan 2016 09:26:15 +0100",3695
"Wed, 20 Jan 2016 09:26:51 +0100",3695
"Wed, 20 Jan 2016 09:27:30 +0100",3706
"Wed, 20 Jan 2016 09:28:07 +0100",3701
"Wed, 20 Jan 2016 09:28:43 +0100",3701
"Wed, 20 Jan 2016 09:29:20 +0100",3695
"Wed, 20 Jan 2016 09:29:59 +0100",3684
"Wed, 20 Jan 2016 09:30:36 +0100",3695
"Wed, 20 Jan 2016 09:31:13 +0100",3695
"Wed, 20 Jan 2016 09:31:49 +0100",3679
"Wed, 20 Jan 2016 09:32:26 +0100",3695
"Wed, 20 Jan 2016 09:33:03 +0100",3701
"Wed, 20 Jan 2016 09:33:40 +0100",3695
"Wed, 20 Jan 2016 09:34:17 +0100",3701
"Wed, 20 Jan 2016 09:34:53 +0100",3695
"Wed, 20 Jan 2016 09:35:30 +0100",3701
"Wed, 20 Jan 2016 09:36:07 +0100",3706
"Wed, 20 Jan 2016 09:36:44 +0100",3690
"Wed, 20 Jan 2016 09:37:21 +0100",3690
"Wed, 20 Jan 2016 09:37:58 +0100",3690
"Wed, 20 Jan 2016 09:38:34 +0100",3695
"Wed, 20 Jan 2016 09:39:11 +0100",3701
"Wed, 20 Jan 2016 09:39:48 +0100",3690
"Wed, 20 Jan 2016 09:40:25 +0100",3695
"Wed, 20 Jan 2016 09:41:01 +0100",3690
"Wed, 20 Jan 2016 09:41:38 +0100",3701
"Wed, 20 Jan 2016 09:42:15 +0100",3695
"Wed, 20 Jan 2016 09:42:51 +0100",3695
"Wed, 20 Jan 2016 09:43:28 +0100",3701
"Wed, 20 Jan 2016 09:44:05 +0100",3695
"Wed, 20 Jan 2016 09:44:43 +0100",3695
"Wed, 20 Jan 2016 09:45:01 +0100",3684
"Wed, 20 Jan 2016 09:45:15 +0100",3690
"Wed, 20 Jan 2016 09:45:28 +0100",3684
"Wed, 20 Jan 2016 09:45:42 +0100",3690
"Wed, 20 Jan 2016 09:45:56 +0100",3690
"Wed, 20 Jan 2016 09:46:09 +0100",3690
"Wed, 20 Jan 2016 09:46:23 +0100",3684
"Wed, 20 Jan 2016 09:46:39 +0100",3690
"Wed, 20 Jan 2016 09:46:53 +0100",3690
"Wed, 20 Jan 2016 09:47:07 +0100",3690
"Wed, 20 Jan 2016 09:47:20 +0100",3690
"Wed, 20 Jan 2016 09:47:34 +0100",3684
"Wed, 20 Jan 2016 09:47:48 +0100",3690
"Wed, 20 Jan 2016 09:48:01 +0100",3690
"Wed, 20 Jan 2016 09:48:15 +0100",3695
"Wed, 20 Jan 2016 09:48:29 +0100",3690
"Wed, 20 Jan 2016 09:48:42 +0100",3695
"Wed, 20 Jan 2016 09:48:56 +0100",3684
"Wed, 20 Jan 2016 09:49:09 +0100",3695
"Wed, 20 Jan 2016 09:49:23 +0100",3701
"Wed, 20 Jan 2016 09:49:37 +0100",3695
"Wed, 20 Jan 2016 09:49:51 +0100",3690
"Wed, 20 Jan 2016 09:50:04 +0100",3684
"Wed, 20 Jan 2016 09:50:18 +0100",3684
"Wed, 20 Jan 2016 09:50:32 +0100",3684
"Wed, 20 Jan 2016 09:50:45 +0100",3690
"Wed, 20 Jan 2016 09:50:59 +0100",3695
"Wed, 20 Jan 2016 09:51:12 +0100",3701
"Wed, 20 Jan 2016 09:51:26 +0100",3695
"Wed, 20 Jan 2016 09:51:40 +0100",3695
"Wed, 20 Jan 2016 09:51:53 +0100",3684
"Wed, 20 Jan 2016 09:52:07 +0100",3690
"Wed, 20 Jan 2016 09:52:21 +0100",3695
"Wed, 20 Jan 2016 09:52:35 +0100",3679
"Wed, 20 Jan 2016 09:52:48 +0100",3695
"Wed, 20 Jan 2016 09:53:02 +0100",3679
"Wed, 20 Jan 2016 09:53:15 +0100",3695
"Wed, 20 Jan 2016 09:53:29 +0100",3690
"Wed, 20 Jan 2016 09:53:43 +0100",3684
"Wed, 20 Jan 2016 09:53:56 +0100",3690
"Wed, 20 Jan 2016 09:54:10 +0100",3679
"Wed, 20 Jan 2016 09:54:24 +0100",3690
"Wed, 20 Jan 2016 09:54:37 +0100",3690
"Wed, 20 Jan 2016 09:54:51 +0100",3690
"Wed, 20 Jan 2016 09:55:05 +0100",3690
"Wed, 20 Jan 2016 09:55:19 +0100",3690
"Wed, 20 Jan 2016 09:55:34 +0100",3684
"Wed, 20 Jan 2016 09:55:48 +0100",3690
"Wed, 20 Jan 2016 09:56:01 +0100",3695
"Wed, 20 Jan 2016 09:56:15 +0100",3690
"Wed, 20 Jan 2016 09:56:29 +0100",3695
"Wed, 20 Jan 2016 09:56:42 +0100",3695
"Wed, 20 Jan 2016 09:56:56 +0100",3684
"Wed, 20 Jan 2016 09:57:09 +0100",3695
"Wed, 20 Jan 2016 09:57:23 +0100",3690
"Wed, 20 Jan 2016 09:57:36 +0100",3695
"Wed, 20 Jan 2016 09:57:50 +0100",3695
"Wed, 20 Jan 2016 09:58:04 +0100",3690
"Wed, 20 Jan 2016 09:58:17 +0100",3695
"Wed, 20 Jan 2016 09:58:31 +0100",3695
"Wed, 20 Jan 2016 09:58:45 +0100",3684
"Wed, 20 Jan 2016 09:58:58 +0100",3690
"Wed, 20 Jan 2016 09:59:12 +0100",3684
"Wed, 20 Jan 2016 09:59:25 +0100",3690
"Wed, 20 Jan 2016 09:59:39 +0100",3690
"Wed, 20 Jan 2016 09:59:53 +0100",3690
"Wed, 20 Jan 2016 10:00:06 +0100",3679
"Wed, 20 Jan 2016 10:00:20 +0100",3695
"Wed, 20 Jan 2016 10:00:34 +0100",3684
"Wed, 20 Jan 2016 10:00:47 +0100",3690
"Wed, 20 Jan 2016 10:01:01 +0100",3690
"Wed, 20 Jan 2016 10:01:15 +0100",3684
"Wed, 20 Jan 2016 10:01:28 +0100",3695
"Wed, 20 Jan 2016 10:01:42 +0100",3684
"Wed, 20 Jan 2016 10:01:56 +0100",3684
"Wed, 20 Jan 2016 10:02:10 +0100",3695
"Wed, 20 Jan 2016 10:02:24 +0100",3679
"Wed, 20 Jan 2016 10:02:38 +0100",3690
"Wed, 20 Jan 2016 10:02:52 +0100",3673
"Wed, 20 Jan 2016 10:03:07 +0100",3684
"Wed, 20 Jan 2016 10:03:21 +0100",3690
"Wed, 20 Jan 2016 10:03:35 +0100",3695
"Wed, 20 Jan 2016 10:03:49 +0100",3679
"Wed, 20 Jan 2016 10:04:03 +0100",3690
"Wed, 20 Jan 2016 10:04:16 +0100",3690
"Wed, 20 Jan 2016 10:04:30 +0100",3690
"Wed, 20 Jan 2016 10:04:44 +0100",3684
"Wed, 20 Jan 2016 10:04:57 +0100",3684
"Wed, 20 Jan 2016 10:05:11 +0100",3695
"Wed, 20 Jan 2016 10:05:25 +0100",3684
"Wed, 20 Jan 2016 10:05:41 +0100",3690
"Wed, 20 Jan 2016 10:05:54 +0100",3684
"Wed, 20 Jan 2016 10:06:08 +0100",3695
"Wed, 20 Jan 2016 10:06:22 +0100",3690
"Wed, 20 Jan 2016 10:06:35 +0100",3695
"Wed, 20 Jan 2016 10:06:49 +0100",3695
"Wed, 20 Jan 2016 10:07:02 +0100",3673
"Wed, 20 Jan 2016 10:07:16 +0100",3690
"Wed, 20 Jan 2016 10:07:30 +0100",3695
"Wed, 20 Jan 2016 10:07:44 +0100",3684
"Wed, 20 Jan 2016 10:07:57 +0100",3684
"Wed, 20 Jan 2016 10:08:11 +0100",3684
"Wed, 20 Jan 2016 10:08:25 +0100",3684
"Wed, 20 Jan 2016 10:08:39 +0100",3684
"Wed, 20 Jan 2016 10:08:53 +0100",3690
"Wed, 20 Jan 2016 10:09:07 +0100",3690
"Wed, 20 Jan 2016 10:09:20 +0100",3690
"Wed, 20 Jan 2016 10:09:34 +0100",3679
"Wed, 20 Jan 2016 10:09:48 +0100",3690
"Wed, 20 Jan 2016 10:10:02 +0100",3684
"Wed, 20 Jan 2016 10:10:16 +0100",3690
"Wed, 20 Jan 2016 10:10:29 +0100",3679
"Wed, 20 Jan 2016 10:10:43 +0100",3690
"Wed, 20 Jan 2016 10:10:57 +0100",3684
"Wed, 20 Jan 2016 10:11:11 +0100",3684
"Wed, 20 Jan 2016 10:11:24 +0100",3695
"Wed, 20 Jan 2016 10:11:38 +0100",3690
"Wed, 20 Jan 2016 10:11:51 +0100",3684
"Wed, 20 Jan 2016 10:12:05 +0100",3695
"Wed, 20 Jan 2016 10:12:19 +0100",3695
"Wed, 20 Jan 2016 10:12:32 +0100",3695
"Wed, 20 Jan 2016 10:12:46 +0100",3695
"Wed, 20 Jan 2016 10:12:59 +0100",3684
"Wed, 20 Jan 2016 10:13:13 +0100",3684
"Wed, 20 Jan 2016 10:13:27 +0100",3690
"Wed, 20 Jan 2016 10:13:40 +0100",3673
"Wed, 20 Jan 2016 10:13:54 +0100",3684
"Wed, 20 Jan 2016 10:14:07 +0100",3690
"Wed, 20 Jan 2016 10:14:21 +0100",3701
"Wed, 20 Jan 2016 10:14:35 +0100",3679
"Wed, 20 Jan 2016 10:14:48 +0100",3695
"Wed, 20 Jan 2016 10:15:02 +0100",3679
"Wed, 20 Jan 2016 10:15:16 +0100",3695
"Wed, 20 Jan 2016 10:15:29 +0100",3690
"Wed, 20 Jan 2016 10:15:43 +0100",3690
"Wed, 20 Jan 2016 10:15:59 +0100",3684
"Wed, 20 Jan 2016 10:16:13 +0100",3695
"Wed, 20 Jan 2016 10:16:27 +0100",3695
"Wed, 20 Jan 2016 10:16:40 +0100",3684
"Wed, 20 Jan 2016 10:16:54 +0100",3684
"Wed, 20 Jan 2016 10:17:08 +0100",3690
"Wed, 20 Jan 2016 10:17:21 +0100",3690
"Wed, 20 Jan 2016 10:17:35 +0100",3695
"Wed, 20 Jan 2016 10:17:48 +0100",3695
"Wed, 20 Jan 2016 10:18:02 +0100",3684
"Wed, 20 Jan 2016 10:18:16 +0100",3684
"Wed, 20 Jan 2016 10:18:30 +0100",3684
"Wed, 20 Jan 2016 10:18:43 +0100",3690
"Wed, 20 Jan 2016 10:18:57 +0100",3695
"Wed, 20 Jan 2016 10:19:11 +0100",3690
"Wed, 20 Jan 2016 10:19:24 +0100",3695
"Wed, 20 Jan 2016 10:19:38 +0100",3690
"Wed, 20 Jan 2016 10:19:52 +0100",3684
"Wed, 20 Jan 2016 10:20:05 +0100",3684
"Wed, 20 Jan 2016 10:20:21 +0100",3684
"Wed, 20 Jan 2016 10:20:35 +0100",3695
"Wed, 20 Jan 2016 10:20:48 +0100",3690
"Wed, 20 Jan 2016 10:21:02 +0100",3684
"Wed, 20 Jan 2016 10:21:16 +0100",3695
"Wed, 20 Jan 2016 10:21:30 +0100",3684
"Wed, 20 Jan 2016 10:21:43 +0100",3679
"Wed, 20 Jan 2016 10:21:57 +0100",3690
"Wed, 20 Jan 2016 10:22:10 +0100",3690
"Wed, 20 Jan 2016 10:22:25 +0100",3690
"Wed, 20 Jan 2016 10:22:38 +0100",3695
"Wed, 20 Jan 2016 10:22:52 +0100",3690
"Wed, 20 Jan 2016 10:23:05 +0100",3690
"Wed, 20 Jan 2016 10:23:18 +0100",3673
"Wed, 20 Jan 2016 10:23:32 +0100",3684
"Wed, 20 Jan 2016 10:23:46 +0100",3695
"Wed, 20 Jan 2016 10:23:59 +0100",3679
"Wed, 20 Jan 2016 10:24:13 +0100",3684
"Wed, 20 Jan 2016 10:24:26 +0100",3690
"Wed, 20 Jan 2016 10:24:40 +0100",3690
"Wed, 20 Jan 2016 10:24:54 +0100",3695
"Wed, 20 Jan 2016 10:25:08 +0100",3690
"Wed, 20 Jan 2016 10:25:21 +0100",3679
"Wed, 20 Jan 2016 10:25:35 +0100",3684
"Wed, 20 Jan 2016 10:25:49 +0100",3684
"Wed, 20 Jan 2016 10:26:03 +0100",3690
"Wed, 20 Jan 2016 10:26:17 +0100",3690
"Wed, 20 Jan 2016 10:26:30 +0100",3690
"Wed, 20 Jan 2016 10:26:44 +0100",3673
"Wed, 20 Jan 2016 10:26:57 +0100",3679
"Wed, 20 Jan 2016 10:27:11 +0100",3684
"Wed, 20 Jan 2016 10:27:25 +0100",3684
"Wed, 20 Jan 2016 10:27:38 +0100",3690
"Wed, 20 Jan 2016 10:27:52 +0100",3684
"Wed, 20 Jan 2016 10:28:06 +0100",3684
"Wed, 20 Jan 2016 10:28:19 +0100",3668
"Wed, 20 Jan 2016 10:28:33 +0100",3690
"Wed, 20 Jan 2016 10:28:47 +0100",3690
"Wed, 20 Jan 2016 10:29:00 +0100",3679
"Wed, 20 Jan 2016 10:29:14 +0100",3690
"Wed, 20 Jan 2016 10:29:30 +0100",3690
"Wed, 20 Jan 2016 10:29:44 +0100",3684
"Wed, 20 Jan 2016 10:29:58 +0100",3684
"Wed, 20 Jan 2016 10:30:11 +0100",3684
"Wed, 20 Jan 2016 10:30:25 +0100",3684
"Wed, 20 Jan 2016 10:30:39 +0100",3695
"Wed, 20 Jan 2016 10:30:52 +0100",3690
"Wed, 20 Jan 2016 10:31:06 +0100",3690
"Wed, 20 Jan 2016 10:31:20 +0100",3690
"Wed, 20 Jan 2016 10:31:33 +0100",3684
"Wed, 20 Jan 2016 10:31:47 +0100",3684
"Wed, 20 Jan 2016 10:32:01 +0100",3684
"Wed, 20 Jan 2016 10:32:14 +0100",3690
"Wed, 20 Jan 2016 10:32:28 +0100",3679
"Wed, 20 Jan 2016 10:32:42 +0100",3684
"Wed, 20 Jan 2016 10:32:56 +0100",3695
"Wed, 20 Jan 2016 10:33:09 +0100",3690
"Wed, 20 Jan 2016 10:33:23 +0100",3690
"Wed, 20 Jan 2016 10:33:36 +0100",3690
"Wed, 20 Jan 2016 10:33:52 +0100",3690
"Wed, 20 Jan 2016 10:34:06 +0100",3679
"Wed, 20 Jan 2016 10:34:19 +0100",3679
"Wed, 20 Jan 2016 10:34:33 +0100",3684
"Wed, 20 Jan 2016 10:34:47 +0100",3684
"Wed, 20 Jan 2016 10:35:00 +0100",3684
"Wed, 20 Jan 2016 10:35:14 +0100",3679
"Wed, 20 Jan 2016 10:35:27 +0100",3679
"Wed, 20 Jan 2016 10:35:41 +0100",3684
"Wed, 20 Jan 2016 10:35:55 +0100",3684
"Wed, 20 Jan 2016 10:36:08 +0100",3690
"Wed, 20 Jan 2016 10:36:22 +0100",3679
"Wed, 20 Jan 2016 10:36:36 +0100",3690
"Wed, 20 Jan 2016 10:36:49 +0100",3684
"Wed, 20 Jan 2016 10:37:03 +0100",3690
"Wed, 20 Jan 2016 10:37:17 +0100",3690
"Wed, 20 Jan 2016 10:37:31 +0100",3684
"Wed, 20 Jan 2016 10:37:45 +0100",3673
"Wed, 20 Jan 2016 10:37:59 +0100",3684
"Wed, 20 Jan 2016 10:38:12 +0100",3684
"Wed, 20 Jan 2016 10:38:26 +0100",3673
"Wed, 20 Jan 2016 10:38:40 +0100",3684
"Wed, 20 Jan 2016 10:38:55 +0100",3679
"Wed, 20 Jan 2016 10:39:09 +0100",3690
"Wed, 20 Jan 2016 10:39:23 +0100",3690
"Wed, 20 Jan 2016 10:39:36 +0100",3679
"Wed, 20 Jan 2016 10:39:50 +0100",3690
"Wed, 20 Jan 2016 10:40:04 +0100",3690
"Wed, 20 Jan 2016 10:40:17 +0100",3695
"Wed, 20 Jan 2016 10:40:31 +0100",3690
"Wed, 20 Jan 2016 10:40:44 +0100",3684
"Wed, 20 Jan 2016 10:40:58 +0100",3690
"Wed, 20 Jan 2016 10:41:14 +0100",3684
"Wed, 20 Jan 2016 10:41:28 +0100",3684
"Wed, 20 Jan 2016 10:41:41 +0100",3679
"Wed, 20 Jan 2016 10:41:55 +0100",3690
"Wed, 20 Jan 2016 10:42:09 +0100",3668
"Wed, 20 Jan 2016 10:42:22 +0100",3690
"Wed, 20 Jan 2016 10:42:36 +0100",3684
"Wed, 20 Jan 2016 10:42:50 +0100",3679
"Wed, 20 Jan 2016 10:43:03 +0100",3684
"Wed, 20 Jan 2016 10:43:17 +0100",3684
"Wed, 20 Jan 2016 10:43:31 +0100",3679
"Wed, 20 Jan 2016 10:43:45 +0100",3684
"Wed, 20 Jan 2016 10:43:58 +0100",3690
"Wed, 20 Jan 2016 10:44:12 +0100",3679
"Wed, 20 Jan 2016 10:44:26 +0100",3690
"Wed, 20 Jan 2016 10:44:40 +0100",3690
"Wed, 20 Jan 2016 10:44:53 +0100",3684
"Wed, 20 Jan 2016 10:45:07 +0100",3684
"Wed, 20 Jan 2016 10:45:21 +0100",3684
"Wed, 20 Jan 2016 10:45:35 +0100",3690
"Wed, 20 Jan 2016 10:45:48 +0100",3673
"Wed, 20 Jan 2016 10:46:02 +0100",3668
"Wed, 20 Jan 2016 10:46:16 +0100",3679
"Wed, 20 Jan 2016 10:46:32 +0100",3684
"Wed, 20 Jan 2016 10:46:46 +0100",3684
"Wed, 20 Jan 2016 10:47:00 +0100",3679
"Wed, 20 Jan 2016 10:47:14 +0100",3684
"Wed, 20 Jan 2016 10:47:27 +0100",3679
"Wed, 20 Jan 2016 10:47:41 +0100",3684
"Wed, 20 Jan 2016 10:47:55 +0100",3679
"Wed, 20 Jan 2016 10:48:09 +0100",3684
"Wed, 20 Jan 2016 10:48:22 +0100",3684
"Wed, 20 Jan 2016 10:48:36 +0100",3684
"Wed, 20 Jan 2016 10:48:50 +0100",3684
"Wed, 20 Jan 2016 10:49:04 +0100",3668
"Wed, 20 Jan 2016 10:49:17 +0100",3684
"Wed, 20 Jan 2016 10:49:31 +0100",3679
"Wed, 20 Jan 2016 10:49:47 +0100",3684
"Wed, 20 Jan 2016 10:50:01 +0100",3679
"Wed, 20 Jan 2016 10:50:14 +0100",3684
"Wed, 20 Jan 2016 10:50:28 +0100",3673
"Wed, 20 Jan 2016 10:50:42 +0100",3679
"Wed, 20 Jan 2016 10:50:55 +0100",3690
"Wed, 20 Jan 2016 10:51:09 +0100",3673
"Wed, 20 Jan 2016 10:51:23 +0100",3679
"Wed, 20 Jan 2016 10:51:38 +0100",3684
"Wed, 20 Jan 2016 10:51:52 +0100",3684
"Wed, 20 Jan 2016 10:52:06 +0100",3673
"Wed, 20 Jan 2016 10:52:20 +0100",3690
"Wed, 20 Jan 2016 10:52:34 +0100",3690
"Wed, 20 Jan 2016 10:52:47 +0100",3684
"Wed, 20 Jan 2016 10:53:01 +0100",3690
"Wed, 20 Jan 2016 10:53:15 +0100",3684
"Wed, 20 Jan 2016 10:53:29 +0100",3679
"Wed, 20 Jan 2016 10:53:42 +0100",3684
"Wed, 20 Jan 2016 10:53:56 +0100",3684
"Wed, 20 Jan 2016 10:54:10 +0100",3690
"Wed, 20 Jan 2016 10:54:23 +0100",3679
"Wed, 20 Jan 2016 10:54:37 +0100",3684
"Wed, 20 Jan 2016 10:54:50 +0100",3684
"Wed, 20 Jan 2016 10:55:04 +0100",3684
"Wed, 20 Jan 2016 10:55:18 +0100",3684
"Wed, 20 Jan 2016 10:55:32 +0100",3684
"Wed, 20 Jan 2016 10:55:45 +0100",3684
"Wed, 20 Jan 2016 10:55:59 +0100",3690
"Wed, 20 Jan 2016 10:56:13 +0100",3684
"Wed, 20 Jan 2016 10:56:28 +0100",3684
"Wed, 20 Jan 2016 10:56:42 +0100",3684
"Wed, 20 Jan 2016 10:56:55 +0100",3684
"Wed, 20 Jan 2016 10:57:09 +0100",3679
"Wed, 20 Jan 2016 10:57:24 +0100",3673
"Wed, 20 Jan 2016 10:57:38 +0100",3684
"Wed, 20 Jan 2016 10:57:52 +0100",3690
"Wed, 20 Jan 2016 10:58:06 +0100",3679
"Wed, 20 Jan 2016 10:58:19 +0100",3690
"Wed, 20 Jan 2016 10:58:33 +0100",3673
"Wed, 20 Jan 2016 10:58:47 +0100",3684
"Wed, 20 Jan 2016 10:59:00 +0100",3684
"Wed, 20 Jan 2016 10:59:14 +0100",3684
"Wed, 20 Jan 2016 10:59:28 +0100",3679
"Wed, 20 Jan 2016 10:59:42 +0100",3679
"Wed, 20 Jan 2016 10:59:55 +0100",3690
"Wed, 20 Jan 2016 11:00:09 +0100",3684
"Wed, 20 Jan 2016 11:00:23 +0100",3684
"Wed, 20 Jan 2016 11:00:37 +0100",3684
"Wed, 20 Jan 2016 11:00:51 +0100",3679
"Wed, 20 Jan 2016 11:01:04 +0100",3690
"Wed, 20 Jan 2016 11:01:18 +0100",3684
"Wed, 20 Jan 2016 11:01:32 +0100",3679
"Wed, 20 Jan 2016 11:01:45 +0100",3679
"Wed, 20 Jan 2016 11:01:59 +0100",3679
"Wed, 20 Jan 2016 11:02:13 +0100",3684
"Wed, 20 Jan 2016 11:02:26 +0100",3679
"Wed, 20 Jan 2016 11:02:40 +0100",3679
"Wed, 20 Jan 2016 11:02:54 +0100",3690
"Wed, 20 Jan 2016 11:03:09 +0100",3684
"Wed, 20 Jan 2016 11:03:23 +0100",3679
"Wed, 20 Jan 2016 11:03:37 +0100",3684
"Wed, 20 Jan 2016 11:03:51 +0100",3684
"Wed, 20 Jan 2016 11:04:04 +0100",3679
"Wed, 20 Jan 2016 11:04:18 +0100",3684
"Wed, 20 Jan 2016 11:04:33 +0100",3684
"Wed, 20 Jan 2016 11:04:47 +0100",3673
"Wed, 20 Jan 2016 11:05:01 +0100",3695
"Wed, 20 Jan 2016 11:05:14 +0100",3668
"Wed, 20 Jan 2016 11:05:28 +0100",3684
"Wed, 20 Jan 2016 11:05:42 +0100",3684
"Wed, 20 Jan 2016 11:05:55 +0100",3684
"Wed, 20 Jan 2016 11:06:09 +0100",3679
"Wed, 20 Jan 2016 11:06:22 +0100",3679
"Wed, 20 Jan 2016 11:06:36 +0100",3673
"Wed, 20 Jan 2016 11:06:50 +0100",3690
"Wed, 20 Jan 2016 11:07:04 +0100",3684
"Wed, 20 Jan 2016 11:07:18 +0100",3673
"Wed, 20 Jan 2016 11:07:32 +0100",3673
"Wed, 20 Jan 2016 11:07:45 +0100",3690
"Wed, 20 Jan 2016 11:07:59 +0100",3679
"Wed, 20 Jan 2016 11:08:13 +0100",3679
"Wed, 20 Jan 2016 11:08:26 +0100",3673
"Wed, 20 Jan 2016 11:08:40 +0100",3690
"Wed, 20 Jan 2016 11:08:56 +0100",3673
"Wed, 20 Jan 2016 11:09:09 +0100",3679
"Wed, 20 Jan 2016 11:09:23 +0100",3679
"Wed, 20 Jan 2016 11:09:36 +0100",3684
"Wed, 20 Jan 2016 11:09:50 +0100",3684
"Wed, 20 Jan 2016 11:10:04 +0100",3673
"Wed, 20 Jan 2016 11:10:17 +0100",3679
"Wed, 20 Jan 2016 11:10:31 +0100",3684
"Wed, 20 Jan 2016 11:10:45 +0100",3673
"Wed, 20 Jan 2016 11:10:59 +0100",3690
"Wed, 20 Jan 2016 11:11:12 +0100",3684
"Wed, 20 Jan 2016 11:11:26 +0100",3679
"Wed, 20 Jan 2016 11:11:42 +0100",3673
"Wed, 20 Jan 2016 11:11:56 +0100",3679
"Wed, 20 Jan 2016 11:12:09 +0100",3684
"Wed, 20 Jan 2016 11:12:23 +0100",3684
"Wed, 20 Jan 2016 11:12:37 +0100",3684
"Wed, 20 Jan 2016 11:12:51 +0100",3690
"Wed, 20 Jan 2016 11:13:05 +0100",3673
"Wed, 20 Jan 2016 11:13:18 +0100",3684
"Wed, 20 Jan 2016 11:13:32 +0100",3684
"Wed, 20 Jan 2016 11:13:46 +0100",3690
"Wed, 20 Jan 2016 11:14:01 +0100",3673
"Wed, 20 Jan 2016 11:14:14 +0100",3679
"Wed, 20 Jan 2016 11:14:28 +0100",3679
"Wed, 20 Jan 2016 11:14:41 +0100",3684
"Wed, 20 Jan 2016 11:14:55 +0100",3673
"Wed, 20 Jan 2016 11:15:09 +0100",3679
"Wed, 20 Jan 2016 11:15:23 +0100",3690
"Wed, 20 Jan 2016 11:15:36 +0100",3673
"Wed, 20 Jan 2016 11:15:50 +0100",3684
"Wed, 20 Jan 2016 11:16:04 +0100",3673
"Wed, 20 Jan 2016 11:16:18 +0100",3684
"Wed, 20 Jan 2016 11:16:32 +0100",3673
"Wed, 20 Jan 2016 11:16:45 +0100",3673
"Wed, 20 Jan 2016 11:16:59 +0100",3679
"Wed, 20 Jan 2016 11:17:12 +0100",3679
"Wed, 20 Jan 2016 11:17:26 +0100",3673
"Wed, 20 Jan 2016 11:17:39 +0100",3668
"Wed, 20 Jan 2016 11:17:53 +0100",3695
"Wed, 20 Jan 2016 11:18:07 +0100",3679
"Wed, 20 Jan 2016 11:18:20 +0100",3679
"Wed, 20 Jan 2016 11:18:34 +0100",3673
"Wed, 20 Jan 2016 11:18:47 +0100",3673
"Wed, 20 Jan 2016 11:19:01 +0100",3679
"Wed, 20 Jan 2016 11:19:14 +0100",3679
"Wed, 20 Jan 2016 11:19:28 +0100",3684
"Wed, 20 Jan 2016 11:19:42 +0100",3679
"Wed, 20 Jan 2016 11:19:56 +0100",3679
"Wed, 20 Jan 2016 11:20:09 +0100",3684
"Wed, 20 Jan 2016 11:20:23 +0100",3684
"Wed, 20 Jan 2016 11:20:36 +0100",3684
"Wed, 20 Jan 2016 11:20:50 +0100",3684
"Wed, 20 Jan 2016 11:21:03 +0100",3673
"Wed, 20 Jan 2016 11:21:17 +0100",3673
"Wed, 20 Jan 2016 11:21:31 +0100",3690
"Wed, 20 Jan 2016 11:21:44 +0100",3684
"Wed, 20 Jan 2016 11:21:58 +0100",3679
"Wed, 20 Jan 2016 11:22:12 +0100",3673
"Wed, 20 Jan 2016 11:22:25 +0100",3684
"Wed, 20 Jan 2016 11:22:39 +0100",3684
"Wed, 20 Jan 2016 11:22:53 +0100",3679
"Wed, 20 Jan 2016 11:23:06 +0100",3668
"Wed, 20 Jan 2016 11:23:20 +0100",3668
"Wed, 20 Jan 2016 11:23:33 +0100",3673
"Wed, 20 Jan 2016 11:23:49 +0100",3684
"Wed, 20 Jan 2016 11:24:03 +0100",3684
"Wed, 20 Jan 2016 11:24:16 +0100",3679
"Wed, 20 Jan 2016 11:24:32 +0100",3673
"Wed, 20 Jan 2016 11:24:46 +0100",3673
"Wed, 20 Jan 2016 11:25:00 +0100",3673
"Wed, 20 Jan 2016 11:25:13 +0100",3684
"Wed, 20 Jan 2016 11:25:27 +0100",3679
"Wed, 20 Jan 2016 11:25:41 +0100",3679
"Wed, 20 Jan 2016 11:25:55 +0100",3673
"Wed, 20 Jan 2016 11:26:08 +0100",3673
"Wed, 20 Jan 2016 11:26:22 +0100",3684
"Wed, 20 Jan 2016 11:26:36 +0100",3679
"Wed, 20 Jan 2016 11:26:50 +0100",3679
"Wed, 20 Jan 2016 11:27:04 +0100",3684
"Wed, 20 Jan 2016 11:27:20 +0100",3673
"Wed, 20 Jan 2016 11:27:33 +0100",3690
"Wed, 20 Jan 2016 11:27:47 +0100",3690
"Wed, 20 Jan 2016 11:28:01 +0100",3679
"Wed, 20 Jan 2016 11:28:14 +0100",3673
"Wed, 20 Jan 2016 11:28:28 +0100",3679
"Wed, 20 Jan 2016 11:28:41 +0100",3673
"Wed, 20 Jan 2016 11:28:55 +0100",3684
"Wed, 20 Jan 2016 11:29:08 +0100",3684
"Wed, 20 Jan 2016 11:29:23 +0100",3662
"Wed, 20 Jan 2016 11:29:36 +0100",3679
"Wed, 20 Jan 2016 11:29:50 +0100",3679
"Wed, 20 Jan 2016 11:30:03 +0100",3673
"Wed, 20 Jan 2016 11:30:17 +0100",3673
"Wed, 20 Jan 2016 11:30:33 +0100",3673
"Wed, 20 Jan 2016 11:30:46 +0100",3679
"Wed, 20 Jan 2016 11:31:00 +0100",3679
"Wed, 20 Jan 2016 11:31:13 +0100",3673
"Wed, 20 Jan 2016 11:31:27 +0100",3673
"Wed, 20 Jan 2016 11:31:40 +0100",3673
"Wed, 20 Jan 2016 11:31:54 +0100",3673
"Wed, 20 Jan 2016 11:32:08 +0100",3673
"Wed, 20 Jan 2016 11:32:22 +0100",3679
"Wed, 20 Jan 2016 11:32:35 +0100",3679
"Wed, 20 Jan 2016 11:32:50 +0100",3684
"Wed, 20 Jan 2016 11:33:03 +0100",3673
"Wed, 20 Jan 2016 11:33:17 +0100",3684
"Wed, 20 Jan 2016 11:33:33 +0100",3673
"Wed, 20 Jan 2016 11:33:46 +0100",3679
"Wed, 20 Jan 2016 11:34:00 +0100",3668
"Wed, 20 Jan 2016 11:34:14 +0100",3679
"Wed, 20 Jan 2016 11:34:27 +0100",3679
"Wed, 20 Jan 2016 11:34:40 +0100",3684
"Wed, 20 Jan 2016 11:34:54 +0100",3673
"Wed, 20 Jan 2016 11:35:07 +0100",3679
"Wed, 20 Jan 2016 11:35:21 +0100",3684
"Wed, 20 Jan 2016 11:35:34 +0100",3679
"Wed, 20 Jan 2016 11:35:48 +0100",3673
"Wed, 20 Jan 2016 11:36:01 +0100",3673
"Wed, 20 Jan 2016 11:36:16 +0100",3679
"Wed, 20 Jan 2016 11:36:30 +0100",3684
"Wed, 20 Jan 2016 11:36:44 +0100",3673
"Wed, 20 Jan 2016 11:36:58 +0100",3668
"Wed, 20 Jan 2016 11:37:12 +0100",3684
"Wed, 20 Jan 2016 11:37:26 +0100",3679
"Wed, 20 Jan 2016 11:37:41 +0100",3673
"Wed, 20 Jan 2016 11:37:55 +0100",3679
"Wed, 20 Jan 2016 11:38:10 +0100",3690
"Wed, 20 Jan 2016 11:38:24 +0100",3668
"Wed, 20 Jan 2016 11:38:39 +0100",3651
"Wed, 20 Jan 2016 11:38:53 +0100",3684
"Wed, 20 Jan 2016 11:39:07 +0100",3684
"Wed, 20 Jan 2016 11:39:22 +0100",3668
"Wed, 20 Jan 2016 11:39:36 +0100",3668
"Wed, 20 Jan 2016 11:39:51 +0100",3673
"Wed, 20 Jan 2016 11:40:06 +0100",3668
"Wed, 20 Jan 2016 11:40:21 +0100",3668
"Wed, 20 Jan 2016 11:40:35 +0100",3673
"Wed, 20 Jan 2016 11:40:49 +0100",3679
"Wed, 20 Jan 2016 11:41:04 +0100",3679
"Wed, 20 Jan 2016 11:41:18 +0100",3679
"Wed, 20 Jan 2016 11:41:33 +0100",3668
"Wed, 20 Jan 2016 11:41:47 +0100",3679
"Wed, 20 Jan 2016 11:42:01 +0100",3684
"Wed, 20 Jan 2016 11:42:20 +0100",3673
"Wed, 20 Jan 2016 11:42:40 +0100",3673
"Wed, 20 Jan 2016 11:42:59 +0100",3679
"Wed, 20 Jan 2016 11:43:20 +0100",3668
"Wed, 20 Jan 2016 11:43:39 +0100",3679
"Wed, 20 Jan 2016 11:43:58 +0100",3684
"Wed, 20 Jan 2016 11:44:17 +0100",3679
"Wed, 20 Jan 2016 11:44:36 +0100",3662
"Wed, 20 Jan 2016 11:44:55 +0100",3673
"Wed, 20 Jan 2016 11:45:14 +0100",3673
"Wed, 20 Jan 2016 11:45:34 +0100",3673
"Wed, 20 Jan 2016 11:45:53 +0100",3690
"Wed, 20 Jan 2016 11:46:12 +0100",3679
"Wed, 20 Jan 2016 11:46:31 +0100",3684
"Wed, 20 Jan 2016 11:46:50 +0100",3679
"Wed, 20 Jan 2016 11:47:09 +0100",3684
"Wed, 20 Jan 2016 11:47:28 +0100",3679
"Wed, 20 Jan 2016 11:47:48 +0100",3673
"Wed, 20 Jan 2016 11:48:07 +0100",3679
"Wed, 20 Jan 2016 11:48:27 +0100",3679
"Wed, 20 Jan 2016 11:48:46 +0100",3673
"Wed, 20 Jan 2016 11:49:05 +0100",3684
"Wed, 20 Jan 2016 11:49:24 +0100",3673
"Wed, 20 Jan 2016 11:49:43 +0100",3673
"Wed, 20 Jan 2016 11:50:02 +0100",3679
"Wed, 20 Jan 2016 11:50:21 +0100",3679
"Wed, 20 Jan 2016 11:50:40 +0100",3684
"Wed, 20 Jan 2016 11:50:59 +0100",3679
"Wed, 20 Jan 2016 11:51:19 +0100",3673
"Wed, 20 Jan 2016 11:51:38 +0100",3679
"Wed, 20 Jan 2016 11:51:57 +0100",3668
"Wed, 20 Jan 2016 11:52:16 +0100",3684
"Wed, 20 Jan 2016 11:52:35 +0100",3684
"Wed, 20 Jan 2016 11:52:55 +0100",3673
"Wed, 20 Jan 2016 11:53:14 +0100",3668
"Wed, 20 Jan 2016 11:53:33 +0100",3679
"Wed, 20 Jan 2016 11:53:52 +0100",3679
"Wed, 20 Jan 2016 11:54:11 +0100",3679
"Wed, 20 Jan 2016 11:54:30 +0100",3673
"Wed, 20 Jan 2016 11:54:49 +0100",3684
"Wed, 20 Jan 2016 11:55:08 +0100",3673
"Wed, 20 Jan 2016 11:55:28 +0100",3684
"Wed, 20 Jan 2016 11:55:47 +0100",3673
"Wed, 20 Jan 2016 11:56:07 +0100",3684
"Wed, 20 Jan 2016 11:56:26 +0100",3684
"Wed, 20 Jan 2016 11:56:45 +0100",3673
"Wed, 20 Jan 2016 11:57:04 +0100",3684
"Wed, 20 Jan 2016 11:57:24 +0100",3673
"Wed, 20 Jan 2016 11:57:43 +0100",3684
"Wed, 20 Jan 2016 11:58:02 +0100",3679
"Wed, 20 Jan 2016 11:58:21 +0100",3673
"Wed, 20 Jan 2016 11:58:40 +0100",3673
"Wed, 20 Jan 2016 11:59:00 +0100",3679
"Wed, 20 Jan 2016 11:59:19 +0100",3684
"Wed, 20 Jan 2016 11:59:38 +0100",3684
"Wed, 20 Jan 2016 11:59:57 +0100",3673
"Wed, 20 Jan 2016 12:00:16 +0100",3679
"Wed, 20 Jan 2016 12:00:35 +0100",3679
"Wed, 20 Jan 2016 12:00:54 +0100",3668
"Wed, 20 Jan 2016 12:01:13 +0100",3679
"Wed, 20 Jan 2016 12:01:32 +0100",3684
"Wed, 20 Jan 2016 12:01:51 +0100",3668
"Wed, 20 Jan 2016 12:02:10 +0100",3679
"Wed, 20 Jan 2016 12:02:30 +0100",3679
"Wed, 20 Jan 2016 12:02:49 +0100",3679
"Wed, 20 Jan 2016 12:03:08 +0100",3679
"Wed, 20 Jan 2016 12:03:27 +0100",3679
"Wed, 20 Jan 2016 12:03:49 +0100",3662
"Wed, 20 Jan 2016 12:04:08 +0100",3684
"Wed, 20 Jan 2016 12:04:27 +0100",3679
"Wed, 20 Jan 2016 12:04:46 +0100",3668
"Wed, 20 Jan 2016 12:05:05 +0100",3679
"Wed, 20 Jan 2016 12:05:24 +0100",3673
"Wed, 20 Jan 2016 12:05:45 +0100",3679
"Wed, 20 Jan 2016 12:06:05 +0100",3679
"Wed, 20 Jan 2016 12:06:24 +0100",3679
"Wed, 20 Jan 2016 12:06:43 +0100",3679
"Wed, 20 Jan 2016 12:07:02 +0100",3679
"Wed, 20 Jan 2016 12:07:21 +0100",3679
"Wed, 20 Jan 2016 12:07:41 +0100",3668
"Wed, 20 Jan 2016 12:08:00 +0100",3679
"Wed, 20 Jan 2016 12:08:19 +0100",3673
"Wed, 20 Jan 2016 12:08:38 +0100",3673
"Wed, 20 Jan 2016 12:08:57 +0100",3673
"Wed, 20 Jan 2016 12:09:18 +0100",3679
"Wed, 20 Jan 2016 12:09:37 +0100",3673
"Wed, 20 Jan 2016 12:09:56 +0100",3673
"Wed, 20 Jan 2016 12:10:15 +0100",3679
"Wed, 20 Jan 2016 12:10:34 +0100",3684
"Wed, 20 Jan 2016 12:10:53 +0100",3679
"Wed, 20 Jan 2016 12:11:12 +0100",3673
"Wed, 20 Jan 2016 12:11:31 +0100",3679
"Wed, 20 Jan 2016 12:11:50 +0100",3679
"Wed, 20 Jan 2016 12:12:10 +0100",3662
"Wed, 20 Jan 2016 12:12:29 +0100",3673
"Wed, 20 Jan 2016 12:12:48 +0100",3679
"Wed, 20 Jan 2016 12:13:10 +0100",3684
"Wed, 20 Jan 2016 12:13:29 +0100",3673
"Wed, 20 Jan 2016 12:13:47 +0100",3673
"Wed, 20 Jan 2016 12:14:06 +0100",3673
"Wed, 20 Jan 2016 12:14:25 +0100",3679
"Wed, 20 Jan 2016 12:14:44 +0100",3679
"Wed, 20 Jan 2016 12:15:03 +0100",3673
"Wed, 20 Jan 2016 12:15:23 +0100",3679
"Wed, 20 Jan 2016 12:15:42 +0100",3662
"Wed, 20 Jan 2016 12:16:01 +0100",3679
"Wed, 20 Jan 2016 12:16:22 +0100",3673
"Wed, 20 Jan 2016 12:16:41 +0100",3673
"Wed, 20 Jan 2016 12:17:00 +0100",3673
"Wed, 20 Jan 2016 12:17:19 +0100",3673
"Wed, 20 Jan 2016 12:17:38 +0100",3684
"Wed, 20 Jan 2016 12:17:58 +0100",3662
"Wed, 20 Jan 2016 12:18:17 +0100",3679
"Wed, 20 Jan 2016 12:18:36 +0100",3679
"Wed, 20 Jan 2016 12:18:55 +0100",3679
"Wed, 20 Jan 2016 12:19:14 +0100",3679
"Wed, 20 Jan 2016 12:19:34 +0100",3679
"Wed, 20 Jan 2016 12:19:53 +0100",3679
"Wed, 20 Jan 2016 12:20:14 +0100",3668
"Wed, 20 Jan 2016 12:20:34 +0100",3673
"Wed, 20 Jan 2016 12:20:55 +0100",3679
"Wed, 20 Jan 2016 12:21:14 +0100",3673
"Wed, 20 Jan 2016 12:21:33 +0100",3673
"Wed, 20 Jan 2016 12:21:52 +0100",3673
"Wed, 20 Jan 2016 12:22:11 +0100",3668
"Wed, 20 Jan 2016 12:22:31 +0100",3679
"Wed, 20 Jan 2016 12:22:50 +0100",3673
"Wed, 20 Jan 2016 12:23:09 +0100",3668
"Wed, 20 Jan 2016 12:23:28 +0100",3679
"Wed, 20 Jan 2016 12:23:49 +0100",3679
"Wed, 20 Jan 2016 12:24:08 +0100",3668
"Wed, 20 Jan 2016 12:24:28 +0100",3668
"Wed, 20 Jan 2016 12:24:47 +0100",3668
"Wed, 20 Jan 2016 12:25:06 +0100",3679
"Wed, 20 Jan 2016 12:25:25 +0100",3679
"Wed, 20 Jan 2016 12:25:44 +0100",3673
"Wed, 20 Jan 2016 12:26:03 +0100",3673
"Wed, 20 Jan 2016 12:26:22 +0100",3668
"Wed, 20 Jan 2016 12:26:42 +0100",3668
"Wed, 20 Jan 2016 12:27:01 +0100",3679
"Wed, 20 Jan 2016 12:27:20 +0100",3684
"Wed, 20 Jan 2016 12:27:41 +0100",3673
"Wed, 20 Jan 2016 12:28:00 +0100",3684
"Wed, 20 Jan 2016 12:28:19 +0100",3662
"Wed, 20 Jan 2016 12:28:38 +0100",3673
"Wed, 20 Jan 2016 12:28:59 +0100",3673
"Wed, 20 Jan 2016 12:29:19 +0100",3662
"Wed, 20 Jan 2016 12:29:38 +0100",3673
"Wed, 20 Jan 2016 12:29:57 +0100",3673
"Wed, 20 Jan 2016 12:30:16 +0100",3673
"Wed, 20 Jan 2016 12:30:35 +0100",3679
"Wed, 20 Jan 2016 12:30:55 +0100",3684
"Wed, 20 Jan 2016 12:31:14 +0100",3679
"Wed, 20 Jan 2016 12:31:33 +0100",3679
"Wed, 20 Jan 2016 12:31:52 +0100",3662
"Wed, 20 Jan 2016 12:32:12 +0100",3679
"Wed, 20 Jan 2016 12:32:30 +0100",3673
"Wed, 20 Jan 2016 12:32:50 +0100",3662
"Wed, 20 Jan 2016 12:33:09 +0100",3673
"Wed, 20 Jan 2016 12:33:30 +0100",3673
"Wed, 20 Jan 2016 12:33:49 +0100",3679
"Wed, 20 Jan 2016 12:34:09 +0100",3684
"Wed, 20 Jan 2016 12:34:30 +0100",3668
"Wed, 20 Jan 2016 12:34:49 +0100",3679
"Wed, 20 Jan 2016 12:35:08 +0100",3668
"Wed, 20 Jan 2016 12:35:27 +0100",3662
"Wed, 20 Jan 2016 12:35:48 +0100",3673
"Wed, 20 Jan 2016 12:36:09 +0100",3668
"Wed, 20 Jan 2016 12:36:28 +0100",3673
"Wed, 20 Jan 2016 12:36:47 +0100",3673
"Wed, 20 Jan 2016 12:37:06 +0100",3673
"Wed, 20 Jan 2016 12:37:26 +0100",3673
"Wed, 20 Jan 2016 12:37:44 +0100",3668
"Wed, 20 Jan 2016 12:38:03 +0100",3668
"Wed, 20 Jan 2016 12:38:23 +0100",3662
"Wed, 20 Jan 2016 12:38:42 +0100",3679
"Wed, 20 Jan 2016 12:39:01 +0100",3679
"Wed, 20 Jan 2016 12:39:20 +0100",3673
"Wed, 20 Jan 2016 12:39:39 +0100",3662
"Wed, 20 Jan 2016 12:39:59 +0100",3684
"Wed, 20 Jan 2016 12:40:18 +0100",3679
"Wed, 20 Jan 2016 12:40:37 +0100",3679
"Wed, 20 Jan 2016 12:40:56 +0100",3673
"Wed, 20 Jan 2016 12:41:15 +0100",3673
"Wed, 20 Jan 2016 12:41:35 +0100",3668
"Wed, 20 Jan 2016 12:41:54 +0100",3662
"Wed, 20 Jan 2016 12:42:13 +0100",3679
"Wed, 20 Jan 2016 12:42:32 +0100",3668
"Wed, 20 Jan 2016 12:42:51 +0100",3673
"Wed, 20 Jan 2016 12:43:12 +0100",3673
"Wed, 20 Jan 2016 12:43:31 +0100",3662
"Wed, 20 Jan 2016 12:43:51 +0100",3679
"Wed, 20 Jan 2016 12:44:10 +0100",3673
"Wed, 20 Jan 2016 12:44:29 +0100",3679
"Wed, 20 Jan 2016 12:44:48 +0100",3662
"Wed, 20 Jan 2016 12:45:07 +0100",3679
"Wed, 20 Jan 2016 12:45:26 +0100",3656
"Wed, 20 Jan 2016 12:45:45 +0100",3668
"Wed, 20 Jan 2016 12:46:05 +0100",3673
"Wed, 20 Jan 2016 12:46:24 +0100",3668
"Wed, 20 Jan 2016 12:46:43 +0100",3662
"Wed, 20 Jan 2016 12:47:03 +0100",3679
"Wed, 20 Jan 2016 12:47:22 +0100",3662
"Wed, 20 Jan 2016 12:47:41 +0100",3668
"Wed, 20 Jan 2016 12:48:00 +0100",3679
"Wed, 20 Jan 2016 12:48:19 +0100",3679
"Wed, 20 Jan 2016 12:48:39 +0100",3668
"Wed, 20 Jan 2016 12:48:58 +0100",3679
"Wed, 20 Jan 2016 12:49:19 +0100",3668
"Wed, 20 Jan 2016 12:49:38 +0100",3673
"Wed, 20 Jan 2016 12:49:57 +0100",3679
"Wed, 20 Jan 2016 12:50:16 +0100",3656
"Wed, 20 Jan 2016 12:50:35 +0100",3679
"Wed, 20 Jan 2016 12:50:55 +0100",3679
"Wed, 20 Jan 2016 12:51:13 +0100",3668
"Wed, 20 Jan 2016 12:51:34 +0100",3679
"Wed, 20 Jan 2016 12:51:54 +0100",3673
"Wed, 20 Jan 2016 12:52:13 +0100",3679
"Wed, 20 Jan 2016 12:52:32 +0100",3662
"Wed, 20 Jan 2016 12:52:53 +0100",3656
"Wed, 20 Jan 2016 12:53:12 +0100",3668
"Wed, 20 Jan 2016 12:53:31 +0100",3668
"Wed, 20 Jan 2016 12:53:51 +0100",3668
"Wed, 20 Jan 2016 12:54:10 +0100",3662
"Wed, 20 Jan 2016 12:54:29 +0100",3668
"Wed, 20 Jan 2016 12:54:48 +0100",3673
"Wed, 20 Jan 2016 12:55:10 +0100",3668
"Wed, 20 Jan 2016 12:55:29 +0100",3668
"Wed, 20 Jan 2016 12:55:48 +0100",3684
"Wed, 20 Jan 2016 12:56:08 +0100",3679
"Wed, 20 Jan 2016 12:56:27 +0100",3673
"Wed, 20 Jan 2016 12:56:46 +0100",3679
"Wed, 20 Jan 2016 12:57:05 +0100",3673
"Wed, 20 Jan 2016 12:57:24 +0100",3673
"Wed, 20 Jan 2016 12:57:43 +0100",3679
"Wed, 20 Jan 2016 12:58:02 +0100",3668
"Wed, 20 Jan 2016 12:58:22 +0100",3679
"Mon, 28 Mar 2016 12:48:53 +0200",3534
"Mon, 28 Mar 2016 12:50:58 +0200",3567
"Mon, 28 Mar 2016 12:51:47 +0200",3567
"Mon, 28 Mar 2016 12:52:46 +0200",3567
"Mon, 28 Mar 2016 12:53:49 +0200",3556
"Mon, 28 Mar 2016 12:54:53 +0200",3578
"Mon, 28 Mar 2016 12:57:08 +0200",3573
"Mon, 28 Mar 2016 13:02:43 +0200",3584
"Mon, 28 Mar 2016 13:08:16 +0200",3584
"Mon, 28 Mar 2016 13:13:52 +0200",3584
"Mon, 28 Mar 2016 13:19:28 +0200",3584
"Mon, 28 Mar 2016 13:25:04 +0200",3590
"Mon, 28 Mar 2016 13:30:39 +0200",3584
"Mon, 28 Mar 2016 13:36:14 +0200",3540
"Mon, 28 Mar 2016 13:41:45 +0200",3595
"Mon, 28 Mar 2016 13:42:14 +0200",3584
"Mon, 28 Mar 2016 13:42:27 +0200",3573
"Mon, 28 Mar 2016 13:42:48 +0200",3584
"Mon, 28 Mar 2016 13:48:19 +0200",3584
"Mon, 28 Mar 2016 13:53:54 +0200",3578
"Mon, 28 Mar 2016 13:59:26 +0200",3590
"Mon, 28 Mar 2016 14:05:00 +0200",3578
"Mon, 28 Mar 2016 14:10:32 +0200",3578
"Mon, 28 Mar 2016 14:16:07 +0200",3578
"Mon, 28 Mar 2016 14:21:42 +0200",3584
"Mon, 28 Mar 2016 14:27:18 +0200",3578
"Mon, 28 Mar 2016 14:32:50 +0200",3584
"Mon, 28 Mar 2016 14:38:26 +0200",3590
"Mon, 28 Mar 2016 14:44:00 +0200",3584
"Mon, 28 Mar 2016 14:58:24 +0200",3578
