"Mon, 28 Mar 2016 01:30:23 +0200",3545
"Mon, 28 Mar 2016 01:31:37 +0200",3578
"Mon, 28 Mar 2016 01:32:38 +0200",3556
"Mon, 28 Mar 2016 01:32:56 +0200",3578
"Mon, 28 Mar 2016 01:33:15 +0200",3562
"Mon, 28 Mar 2016 01:33:43 +0200",3578
"Mon, 28 Mar 2016 01:35:29 +0200",3578
"Mon, 28 Mar 2016 01:41:02 +0200",3578
"Mon, 28 Mar 2016 01:41:23 +0200",3584
"Mon, 28 Mar 2016 01:41:41 +0200",3584
"Mon, 28 Mar 2016 01:42:03 +0200",3578
"Mon, 28 Mar 2016 01:42:20 +0200",3573
"Mon, 28 Mar 2016 01:42:36 +0200",3578
"Mon, 28 Mar 2016 01:45:35 +0200",3590
"Mon, 28 Mar 2016 01:47:48 +0200",3562
"Mon, 28 Mar 2016 01:48:04 +0200",3573
"Mon, 28 Mar 2016 01:48:16 +0200",3578
"Mon, 28 Mar 2016 01:48:48 +0200",3584
"Mon, 28 Mar 2016 01:50:04 +0200",3578
"Mon, 28 Mar 2016 01:51:06 +0200",3578
"Mon, 28 Mar 2016 01:52:05 +0200",3584
"Mon, 28 Mar 2016 01:53:05 +0200",3590
"Mon, 28 Mar 2016 01:54:04 +0200",3573
"Mon, 28 Mar 2016 01:55:04 +0200",3578
"Mon, 28 Mar 2016 01:56:04 +0200",3578
"Mon, 28 Mar 2016 01:57:03 +0200",3578
"Mon, 28 Mar 2016 01:58:04 +0200",3584
"Mon, 28 Mar 2016 01:58:29 +0200",3578
"Mon, 28 Mar 2016 01:58:58 +0200",3573
"Mon, 28 Mar 2016 01:59:11 +0200",3573
"Mon, 28 Mar 2016 01:59:24 +0200",3567
