"Wed, 24 Feb 2016 02:43:58 +0100",3823
"Wed, 24 Feb 2016 02:47:05 +0100",3818
"Wed, 24 Feb 2016 02:48:07 +0100",3823
"Wed, 24 Feb 2016 02:48:35 +0100",3818
"Wed, 24 Feb 2016 02:52:46 +0100",3823
"Wed, 24 Feb 2016 02:56:38 +0100",3818
"Wed, 24 Feb 2016 02:56:51 +0100",3818
"Wed, 24 Feb 2016 02:57:03 +0100",3807
"Thu, 25 Feb 2016 04:57:09 +0100",3784
"Thu, 25 Feb 2016 04:57:29 +0100",3784
"Thu, 25 Feb 2016 05:41:37 +0100",3762
"Thu, 25 Feb 2016 06:08:21 +0100",3779
"Thu, 25 Feb 2016 06:08:44 +0100",3784
"Thu, 25 Feb 2016 06:09:22 +0100",3796
"Thu, 25 Feb 2016 06:09:58 +0100",3779
"Thu, 25 Feb 2016 06:11:03 +0100",3768
"Thu, 25 Feb 2016 06:13:32 +0100",3773
"Thu, 25 Feb 2016 06:14:49 +0100",3779
"Thu, 25 Feb 2016 06:15:53 +0100",3773
"Thu, 25 Feb 2016 12:35:54 +0100",3779
