"Tue, 22 Mar 2016 11:18:08 +0100",3634
"Tue, 22 Mar 2016 11:18:26 +0100",3634
"Tue, 22 Mar 2016 11:18:46 +0100",3640
"Tue, 22 Mar 2016 11:19:25 +0100",3640
"Tue, 22 Mar 2016 11:19:45 +0100",3634
"Tue, 22 Mar 2016 11:19:53 +0100",3640
"Tue, 22 Mar 2016 11:20:35 +0100",3629
"Tue, 22 Mar 2016 11:20:43 +0100",3645
"Tue, 22 Mar 2016 11:20:53 +0100",3645
"Tue, 22 Mar 2016 11:21:04 +0100",3634
"Tue, 22 Mar 2016 11:21:18 +0100",3640
"Tue, 22 Mar 2016 11:21:30 +0100",3634
"Tue, 22 Mar 2016 11:22:31 +0100",3645
"Tue, 22 Mar 2016 11:23:33 +0100",3634
"Tue, 22 Mar 2016 11:24:35 +0100",3640
"Tue, 22 Mar 2016 11:25:36 +0100",3640
"Tue, 22 Mar 2016 11:26:40 +0100",3651
"Tue, 22 Mar 2016 11:27:41 +0100",3634
"Tue, 22 Mar 2016 11:28:43 +0100",3634
"Tue, 22 Mar 2016 11:29:45 +0100",3640
"Tue, 22 Mar 2016 11:30:47 +0100",3640
"Tue, 22 Mar 2016 11:31:49 +0100",3634
"Tue, 22 Mar 2016 11:32:53 +0100",3645
"Tue, 22 Mar 2016 11:33:54 +0100",3634
